--
-- PostgreSQL database dump
--

\restrict sAIKJW3rkzWK7ujf0T1fSJFqSrSX14yVwqNNe3rhZljGS2QRBbxpgfH9kjwDwhV

-- Dumped from database version 18.3 (Ubuntu 18.3-1.pgdg24.04+1)
-- Dumped by pg_dump version 18.3 (Ubuntu 18.3-1.pgdg24.04+1)

SET statement_timeout = 0;
SET lock_timeout = 0;
SET idle_in_transaction_session_timeout = 0;
SET transaction_timeout = 0;
SET client_encoding = 'UTF8';
SET standard_conforming_strings = on;
SELECT pg_catalog.set_config('search_path', '', false);
SET check_function_bodies = false;
SET xmloption = content;
SET client_min_messages = warning;
SET row_security = off;

SET default_tablespace = '';

SET default_table_access_method = heap;

--
-- Name: account_emailaddress; Type: TABLE; Schema: public; Owner: postgres
--

CREATE TABLE public.account_emailaddress (
    id integer NOT NULL,
    email character varying(254) NOT NULL,
    verified boolean NOT NULL,
    "primary" boolean NOT NULL,
    user_id bigint NOT NULL
);


ALTER TABLE public.account_emailaddress OWNER TO postgres;

--
-- Name: account_emailaddress_id_seq; Type: SEQUENCE; Schema: public; Owner: postgres
--

ALTER TABLE public.account_emailaddress ALTER COLUMN id ADD GENERATED BY DEFAULT AS IDENTITY (
    SEQUENCE NAME public.account_emailaddress_id_seq
    START WITH 1
    INCREMENT BY 1
    NO MINVALUE
    NO MAXVALUE
    CACHE 1
);


--
-- Name: account_emailconfirmation; Type: TABLE; Schema: public; Owner: postgres
--

CREATE TABLE public.account_emailconfirmation (
    id integer NOT NULL,
    created timestamp with time zone NOT NULL,
    sent timestamp with time zone,
    key character varying(64) NOT NULL,
    email_address_id integer NOT NULL
);


ALTER TABLE public.account_emailconfirmation OWNER TO postgres;

--
-- Name: account_emailconfirmation_id_seq; Type: SEQUENCE; Schema: public; Owner: postgres
--

ALTER TABLE public.account_emailconfirmation ALTER COLUMN id ADD GENERATED BY DEFAULT AS IDENTITY (
    SEQUENCE NAME public.account_emailconfirmation_id_seq
    START WITH 1
    INCREMENT BY 1
    NO MINVALUE
    NO MAXVALUE
    CACHE 1
);


--
-- Name: accounts_customuser; Type: TABLE; Schema: public; Owner: postgres
--

CREATE TABLE public.accounts_customuser (
    id bigint NOT NULL,
    password character varying(128) NOT NULL,
    last_login timestamp with time zone,
    is_superuser boolean NOT NULL,
    first_name character varying(255) NOT NULL,
    last_name character varying(255) NOT NULL,
    email character varying(254) NOT NULL,
    phone character varying(20),
    profile_pic character varying(100),
    is_active boolean NOT NULL,
    is_verified boolean NOT NULL,
    is_staff boolean NOT NULL,
    date_joined timestamp with time zone CONSTRAINT accounts_customuser_created_at_not_null NOT NULL,
    updated_at timestamp with time zone NOT NULL,
    gender character varying(10),
    has_used_referral boolean NOT NULL,
    has_seen_referral_page boolean NOT NULL
);


ALTER TABLE public.accounts_customuser OWNER TO postgres;

--
-- Name: accounts_customuser_groups; Type: TABLE; Schema: public; Owner: postgres
--

CREATE TABLE public.accounts_customuser_groups (
    id bigint NOT NULL,
    customuser_id bigint NOT NULL,
    group_id integer NOT NULL
);


ALTER TABLE public.accounts_customuser_groups OWNER TO postgres;

--
-- Name: accounts_customuser_groups_id_seq; Type: SEQUENCE; Schema: public; Owner: postgres
--

ALTER TABLE public.accounts_customuser_groups ALTER COLUMN id ADD GENERATED BY DEFAULT AS IDENTITY (
    SEQUENCE NAME public.accounts_customuser_groups_id_seq
    START WITH 1
    INCREMENT BY 1
    NO MINVALUE
    NO MAXVALUE
    CACHE 1
);


--
-- Name: accounts_customuser_id_seq; Type: SEQUENCE; Schema: public; Owner: postgres
--

ALTER TABLE public.accounts_customuser ALTER COLUMN id ADD GENERATED BY DEFAULT AS IDENTITY (
    SEQUENCE NAME public.accounts_customuser_id_seq
    START WITH 1
    INCREMENT BY 1
    NO MINVALUE
    NO MAXVALUE
    CACHE 1
);


--
-- Name: accounts_customuser_user_permissions; Type: TABLE; Schema: public; Owner: postgres
--

CREATE TABLE public.accounts_customuser_user_permissions (
    id bigint NOT NULL,
    customuser_id bigint NOT NULL,
    permission_id integer NOT NULL
);


ALTER TABLE public.accounts_customuser_user_permissions OWNER TO postgres;

--
-- Name: accounts_customuser_user_permissions_id_seq; Type: SEQUENCE; Schema: public; Owner: postgres
--

ALTER TABLE public.accounts_customuser_user_permissions ALTER COLUMN id ADD GENERATED BY DEFAULT AS IDENTITY (
    SEQUENCE NAME public.accounts_customuser_user_permissions_id_seq
    START WITH 1
    INCREMENT BY 1
    NO MINVALUE
    NO MAXVALUE
    CACHE 1
);


--
-- Name: auth_group; Type: TABLE; Schema: public; Owner: postgres
--

CREATE TABLE public.auth_group (
    id integer NOT NULL,
    name character varying(150) NOT NULL
);


ALTER TABLE public.auth_group OWNER TO postgres;

--
-- Name: auth_group_id_seq; Type: SEQUENCE; Schema: public; Owner: postgres
--

ALTER TABLE public.auth_group ALTER COLUMN id ADD GENERATED BY DEFAULT AS IDENTITY (
    SEQUENCE NAME public.auth_group_id_seq
    START WITH 1
    INCREMENT BY 1
    NO MINVALUE
    NO MAXVALUE
    CACHE 1
);


--
-- Name: auth_group_permissions; Type: TABLE; Schema: public; Owner: postgres
--

CREATE TABLE public.auth_group_permissions (
    id bigint NOT NULL,
    group_id integer NOT NULL,
    permission_id integer NOT NULL
);


ALTER TABLE public.auth_group_permissions OWNER TO postgres;

--
-- Name: auth_group_permissions_id_seq; Type: SEQUENCE; Schema: public; Owner: postgres
--

ALTER TABLE public.auth_group_permissions ALTER COLUMN id ADD GENERATED BY DEFAULT AS IDENTITY (
    SEQUENCE NAME public.auth_group_permissions_id_seq
    START WITH 1
    INCREMENT BY 1
    NO MINVALUE
    NO MAXVALUE
    CACHE 1
);


--
-- Name: auth_permission; Type: TABLE; Schema: public; Owner: postgres
--

CREATE TABLE public.auth_permission (
    id integer NOT NULL,
    name character varying(255) NOT NULL,
    content_type_id integer NOT NULL,
    codename character varying(100) NOT NULL
);


ALTER TABLE public.auth_permission OWNER TO postgres;

--
-- Name: auth_permission_id_seq; Type: SEQUENCE; Schema: public; Owner: postgres
--

ALTER TABLE public.auth_permission ALTER COLUMN id ADD GENERATED BY DEFAULT AS IDENTITY (
    SEQUENCE NAME public.auth_permission_id_seq
    START WITH 1
    INCREMENT BY 1
    NO MINVALUE
    NO MAXVALUE
    CACHE 1
);


--
-- Name: brandsandcategories_brand; Type: TABLE; Schema: public; Owner: postgres
--

CREATE TABLE public.brandsandcategories_brand (
    id bigint NOT NULL,
    name character varying(100) NOT NULL,
    logo character varying(100),
    is_active boolean NOT NULL,
    created_at timestamp with time zone NOT NULL,
    updated_at timestamp with time zone NOT NULL
);


ALTER TABLE public.brandsandcategories_brand OWNER TO postgres;

--
-- Name: brandsandcategories_brand_id_seq; Type: SEQUENCE; Schema: public; Owner: postgres
--

ALTER TABLE public.brandsandcategories_brand ALTER COLUMN id ADD GENERATED BY DEFAULT AS IDENTITY (
    SEQUENCE NAME public.brandsandcategories_brand_id_seq
    START WITH 1
    INCREMENT BY 1
    NO MINVALUE
    NO MAXVALUE
    CACHE 1
);


--
-- Name: brandsandcategories_category; Type: TABLE; Schema: public; Owner: postgres
--

CREATE TABLE public.brandsandcategories_category (
    id bigint NOT NULL,
    name character varying(100) NOT NULL,
    is_active boolean NOT NULL,
    created_at timestamp with time zone NOT NULL,
    updated_at timestamp with time zone NOT NULL
);


ALTER TABLE public.brandsandcategories_category OWNER TO postgres;

--
-- Name: brandsandcategories_category_id_seq; Type: SEQUENCE; Schema: public; Owner: postgres
--

ALTER TABLE public.brandsandcategories_category ALTER COLUMN id ADD GENERATED BY DEFAULT AS IDENTITY (
    SEQUENCE NAME public.brandsandcategories_category_id_seq
    START WITH 1
    INCREMENT BY 1
    NO MINVALUE
    NO MAXVALUE
    CACHE 1
);


--
-- Name: cart_cart; Type: TABLE; Schema: public; Owner: postgres
--

CREATE TABLE public.cart_cart (
    id bigint NOT NULL,
    created_at timestamp with time zone NOT NULL,
    updated_at timestamp with time zone NOT NULL,
    is_active boolean NOT NULL,
    user_id bigint NOT NULL
);


ALTER TABLE public.cart_cart OWNER TO postgres;

--
-- Name: cart_cart_id_seq; Type: SEQUENCE; Schema: public; Owner: postgres
--

ALTER TABLE public.cart_cart ALTER COLUMN id ADD GENERATED BY DEFAULT AS IDENTITY (
    SEQUENCE NAME public.cart_cart_id_seq
    START WITH 1
    INCREMENT BY 1
    NO MINVALUE
    NO MAXVALUE
    CACHE 1
);


--
-- Name: cart_cartitem; Type: TABLE; Schema: public; Owner: postgres
--

CREATE TABLE public.cart_cartitem (
    id bigint NOT NULL,
    quantity integer NOT NULL,
    added_at timestamp with time zone NOT NULL,
    cart_id bigint NOT NULL,
    variant_id bigint NOT NULL,
    CONSTRAINT cart_cartitem_quantity_check CHECK ((quantity >= 0))
);


ALTER TABLE public.cart_cartitem OWNER TO postgres;

--
-- Name: cart_cartitem_id_seq; Type: SEQUENCE; Schema: public; Owner: postgres
--

ALTER TABLE public.cart_cartitem ALTER COLUMN id ADD GENERATED BY DEFAULT AS IDENTITY (
    SEQUENCE NAME public.cart_cartitem_id_seq
    START WITH 1
    INCREMENT BY 1
    NO MINVALUE
    NO MAXVALUE
    CACHE 1
);


--
-- Name: django_admin_log; Type: TABLE; Schema: public; Owner: postgres
--

CREATE TABLE public.django_admin_log (
    id integer NOT NULL,
    action_time timestamp with time zone NOT NULL,
    object_id text,
    object_repr character varying(200) NOT NULL,
    action_flag smallint NOT NULL,
    change_message text NOT NULL,
    content_type_id integer,
    user_id bigint NOT NULL,
    CONSTRAINT django_admin_log_action_flag_check CHECK ((action_flag >= 0))
);


ALTER TABLE public.django_admin_log OWNER TO postgres;

--
-- Name: django_admin_log_id_seq; Type: SEQUENCE; Schema: public; Owner: postgres
--

ALTER TABLE public.django_admin_log ALTER COLUMN id ADD GENERATED BY DEFAULT AS IDENTITY (
    SEQUENCE NAME public.django_admin_log_id_seq
    START WITH 1
    INCREMENT BY 1
    NO MINVALUE
    NO MAXVALUE
    CACHE 1
);


--
-- Name: django_content_type; Type: TABLE; Schema: public; Owner: postgres
--

CREATE TABLE public.django_content_type (
    id integer NOT NULL,
    app_label character varying(100) NOT NULL,
    model character varying(100) NOT NULL
);


ALTER TABLE public.django_content_type OWNER TO postgres;

--
-- Name: django_content_type_id_seq; Type: SEQUENCE; Schema: public; Owner: postgres
--

ALTER TABLE public.django_content_type ALTER COLUMN id ADD GENERATED BY DEFAULT AS IDENTITY (
    SEQUENCE NAME public.django_content_type_id_seq
    START WITH 1
    INCREMENT BY 1
    NO MINVALUE
    NO MAXVALUE
    CACHE 1
);


--
-- Name: django_migrations; Type: TABLE; Schema: public; Owner: postgres
--

CREATE TABLE public.django_migrations (
    id bigint NOT NULL,
    app character varying(255) NOT NULL,
    name character varying(255) NOT NULL,
    applied timestamp with time zone NOT NULL
);


ALTER TABLE public.django_migrations OWNER TO postgres;

--
-- Name: django_migrations_id_seq; Type: SEQUENCE; Schema: public; Owner: postgres
--

ALTER TABLE public.django_migrations ALTER COLUMN id ADD GENERATED BY DEFAULT AS IDENTITY (
    SEQUENCE NAME public.django_migrations_id_seq
    START WITH 1
    INCREMENT BY 1
    NO MINVALUE
    NO MAXVALUE
    CACHE 1
);


--
-- Name: django_session; Type: TABLE; Schema: public; Owner: postgres
--

CREATE TABLE public.django_session (
    session_key character varying(40) NOT NULL,
    session_data text NOT NULL,
    expire_date timestamp with time zone NOT NULL
);


ALTER TABLE public.django_session OWNER TO postgres;

--
-- Name: django_site; Type: TABLE; Schema: public; Owner: postgres
--

CREATE TABLE public.django_site (
    id integer NOT NULL,
    domain character varying(100) NOT NULL,
    name character varying(50) NOT NULL
);


ALTER TABLE public.django_site OWNER TO postgres;

--
-- Name: django_site_id_seq; Type: SEQUENCE; Schema: public; Owner: postgres
--

ALTER TABLE public.django_site ALTER COLUMN id ADD GENERATED BY DEFAULT AS IDENTITY (
    SEQUENCE NAME public.django_site_id_seq
    START WITH 1
    INCREMENT BY 1
    NO MINVALUE
    NO MAXVALUE
    CACHE 1
);


--
-- Name: offer_coupon; Type: TABLE; Schema: public; Owner: postgres
--

CREATE TABLE public.offer_coupon (
    id bigint NOT NULL,
    code character varying(20) NOT NULL,
    discount_percentage integer NOT NULL,
    minimum_amount numeric(10,2) NOT NULL,
    max_discount_amount numeric(10,2) NOT NULL,
    max_usage_per_user integer NOT NULL,
    valid_from timestamp with time zone NOT NULL,
    valid_to timestamp with time zone NOT NULL,
    is_active boolean NOT NULL,
    "limit" integer NOT NULL,
    used_count integer NOT NULL,
    created_at timestamp with time zone NOT NULL,
    CONSTRAINT offer_coupon_discount_percentage_check CHECK ((discount_percentage >= 0)),
    CONSTRAINT offer_coupon_limit_check CHECK (("limit" >= 0)),
    CONSTRAINT offer_coupon_max_usage_per_user_check CHECK ((max_usage_per_user >= 0)),
    CONSTRAINT offer_coupon_used_count_check CHECK ((used_count >= 0))
);


ALTER TABLE public.offer_coupon OWNER TO postgres;

--
-- Name: offer_coupon_id_seq; Type: SEQUENCE; Schema: public; Owner: postgres
--

ALTER TABLE public.offer_coupon ALTER COLUMN id ADD GENERATED BY DEFAULT AS IDENTITY (
    SEQUENCE NAME public.offer_coupon_id_seq
    START WITH 1
    INCREMENT BY 1
    NO MINVALUE
    NO MAXVALUE
    CACHE 1
);


--
-- Name: offer_couponusage; Type: TABLE; Schema: public; Owner: postgres
--

CREATE TABLE public.offer_couponusage (
    id bigint NOT NULL,
    used_count integer NOT NULL,
    coupon_id bigint NOT NULL,
    user_id bigint NOT NULL,
    CONSTRAINT offer_couponusage_used_count_check CHECK ((used_count >= 0))
);


ALTER TABLE public.offer_couponusage OWNER TO postgres;

--
-- Name: offer_couponusage_id_seq; Type: SEQUENCE; Schema: public; Owner: postgres
--

ALTER TABLE public.offer_couponusage ALTER COLUMN id ADD GENERATED BY DEFAULT AS IDENTITY (
    SEQUENCE NAME public.offer_couponusage_id_seq
    START WITH 1
    INCREMENT BY 1
    NO MINVALUE
    NO MAXVALUE
    CACHE 1
);


--
-- Name: offer_offer; Type: TABLE; Schema: public; Owner: postgres
--

CREATE TABLE public.offer_offer (
    id bigint NOT NULL,
    name character varying(200) NOT NULL,
    offer_type character varying(20) NOT NULL,
    discount_percentage integer NOT NULL,
    start_at timestamp with time zone NOT NULL,
    end_at timestamp with time zone,
    is_active boolean NOT NULL,
    created_at timestamp with time zone NOT NULL,
    updated_at timestamp with time zone NOT NULL,
    CONSTRAINT offer_offer_discount_percentage_check CHECK ((discount_percentage >= 0))
);


ALTER TABLE public.offer_offer OWNER TO postgres;

--
-- Name: offer_offer_category; Type: TABLE; Schema: public; Owner: postgres
--

CREATE TABLE public.offer_offer_category (
    id bigint NOT NULL,
    offer_id bigint NOT NULL,
    category_id bigint NOT NULL
);


ALTER TABLE public.offer_offer_category OWNER TO postgres;

--
-- Name: offer_offer_category_id_seq; Type: SEQUENCE; Schema: public; Owner: postgres
--

ALTER TABLE public.offer_offer_category ALTER COLUMN id ADD GENERATED BY DEFAULT AS IDENTITY (
    SEQUENCE NAME public.offer_offer_category_id_seq
    START WITH 1
    INCREMENT BY 1
    NO MINVALUE
    NO MAXVALUE
    CACHE 1
);


--
-- Name: offer_offer_id_seq; Type: SEQUENCE; Schema: public; Owner: postgres
--

ALTER TABLE public.offer_offer ALTER COLUMN id ADD GENERATED BY DEFAULT AS IDENTITY (
    SEQUENCE NAME public.offer_offer_id_seq
    START WITH 1
    INCREMENT BY 1
    NO MINVALUE
    NO MAXVALUE
    CACHE 1
);


--
-- Name: offer_offer_product; Type: TABLE; Schema: public; Owner: postgres
--

CREATE TABLE public.offer_offer_product (
    id bigint NOT NULL,
    offer_id bigint NOT NULL,
    product_id bigint NOT NULL
);


ALTER TABLE public.offer_offer_product OWNER TO postgres;

--
-- Name: offer_offer_product_id_seq; Type: SEQUENCE; Schema: public; Owner: postgres
--

ALTER TABLE public.offer_offer_product ALTER COLUMN id ADD GENERATED BY DEFAULT AS IDENTITY (
    SEQUENCE NAME public.offer_offer_product_id_seq
    START WITH 1
    INCREMENT BY 1
    NO MINVALUE
    NO MAXVALUE
    CACHE 1
);


--
-- Name: offer_referral; Type: TABLE; Schema: public; Owner: postgres
--

CREATE TABLE public.offer_referral (
    id bigint NOT NULL,
    referral_code character varying(10) NOT NULL,
    used_count integer NOT NULL,
    created_at timestamp with time zone NOT NULL,
    updated_at timestamp with time zone NOT NULL,
    user_id bigint,
    CONSTRAINT offer_referral_used_count_check CHECK ((used_count >= 0))
);


ALTER TABLE public.offer_referral OWNER TO postgres;

--
-- Name: offer_referral_id_seq; Type: SEQUENCE; Schema: public; Owner: postgres
--

ALTER TABLE public.offer_referral ALTER COLUMN id ADD GENERATED BY DEFAULT AS IDENTITY (
    SEQUENCE NAME public.offer_referral_id_seq
    START WITH 1
    INCREMENT BY 1
    NO MINVALUE
    NO MAXVALUE
    CACHE 1
);


--
-- Name: offer_referralreward; Type: TABLE; Schema: public; Owner: postgres
--

CREATE TABLE public.offer_referralreward (
    id bigint NOT NULL,
    referrer_amount numeric(10,2) NOT NULL,
    receiver_amount numeric(10,2) NOT NULL,
    is_active boolean NOT NULL,
    created_at timestamp with time zone NOT NULL
);


ALTER TABLE public.offer_referralreward OWNER TO postgres;

--
-- Name: offer_referralreward_id_seq; Type: SEQUENCE; Schema: public; Owner: postgres
--

ALTER TABLE public.offer_referralreward ALTER COLUMN id ADD GENERATED BY DEFAULT AS IDENTITY (
    SEQUENCE NAME public.offer_referralreward_id_seq
    START WITH 1
    INCREMENT BY 1
    NO MINVALUE
    NO MAXVALUE
    CACHE 1
);


--
-- Name: offer_referralusage; Type: TABLE; Schema: public; Owner: postgres
--

CREATE TABLE public.offer_referralusage (
    id bigint NOT NULL,
    referrer_reward_amount numeric(10,2) NOT NULL,
    receiver_reward_amount numeric(10,2) NOT NULL,
    status character varying(50) NOT NULL,
    created_at timestamp with time zone NOT NULL,
    receiver_id bigint NOT NULL,
    referrer_id bigint NOT NULL
);


ALTER TABLE public.offer_referralusage OWNER TO postgres;

--
-- Name: offer_referralusage_id_seq; Type: SEQUENCE; Schema: public; Owner: postgres
--

ALTER TABLE public.offer_referralusage ALTER COLUMN id ADD GENERATED BY DEFAULT AS IDENTITY (
    SEQUENCE NAME public.offer_referralusage_id_seq
    START WITH 1
    INCREMENT BY 1
    NO MINVALUE
    NO MAXVALUE
    CACHE 1
);


--
-- Name: orders_order; Type: TABLE; Schema: public; Owner: postgres
--

CREATE TABLE public.orders_order (
    id bigint NOT NULL,
    orderid character varying(20),
    subtotal numeric(10,2) NOT NULL,
    discount numeric(10,2) NOT NULL,
    tax numeric(10,2) NOT NULL,
    total numeric(10,2) NOT NULL,
    payment_method character varying(10) NOT NULL,
    payment_status character varying(20) NOT NULL,
    delivery_charge numeric(10,2) NOT NULL,
    status character varying(20) NOT NULL,
    created_at timestamp with time zone NOT NULL,
    updated_at timestamp with time zone NOT NULL,
    coupon_discount numeric(10,2) NOT NULL,
    address_id bigint,
    billing_address_id bigint,
    coupon_id bigint,
    user_id bigint NOT NULL
);


ALTER TABLE public.orders_order OWNER TO postgres;

--
-- Name: orders_order_id_seq; Type: SEQUENCE; Schema: public; Owner: postgres
--

ALTER TABLE public.orders_order ALTER COLUMN id ADD GENERATED BY DEFAULT AS IDENTITY (
    SEQUENCE NAME public.orders_order_id_seq
    START WITH 1
    INCREMENT BY 1
    NO MINVALUE
    NO MAXVALUE
    CACHE 1
);


--
-- Name: orders_orderitem; Type: TABLE; Schema: public; Owner: postgres
--

CREATE TABLE public.orders_orderitem (
    id bigint NOT NULL,
    price numeric(10,2) NOT NULL,
    quantity integer NOT NULL,
    status character varying(20) NOT NULL,
    return_status character varying(20) NOT NULL,
    return_reason text,
    cancel_reason text,
    delivered_at timestamp with time zone,
    cancelled_at timestamp with time zone,
    returned_at timestamp with time zone,
    order_id bigint NOT NULL,
    variant_id bigint NOT NULL,
    CONSTRAINT orders_orderitem_quantity_check CHECK ((quantity >= 0))
);


ALTER TABLE public.orders_orderitem OWNER TO postgres;

--
-- Name: orders_orderitem_id_seq; Type: SEQUENCE; Schema: public; Owner: postgres
--

ALTER TABLE public.orders_orderitem ALTER COLUMN id ADD GENERATED BY DEFAULT AS IDENTITY (
    SEQUENCE NAME public.orders_orderitem_id_seq
    START WITH 1
    INCREMENT BY 1
    NO MINVALUE
    NO MAXVALUE
    CACHE 1
);


--
-- Name: products_color; Type: TABLE; Schema: public; Owner: postgres
--

CREATE TABLE public.products_color (
    id bigint NOT NULL,
    name character varying(50) NOT NULL,
    hex_code character varying(7)
);


ALTER TABLE public.products_color OWNER TO postgres;

--
-- Name: products_color_id_seq; Type: SEQUENCE; Schema: public; Owner: postgres
--

ALTER TABLE public.products_color ALTER COLUMN id ADD GENERATED BY DEFAULT AS IDENTITY (
    SEQUENCE NAME public.products_color_id_seq
    START WITH 1
    INCREMENT BY 1
    NO MINVALUE
    NO MAXVALUE
    CACHE 1
);


--
-- Name: products_product; Type: TABLE; Schema: public; Owner: postgres
--

CREATE TABLE public.products_product (
    id bigint NOT NULL,
    name character varying(100) NOT NULL,
    slug character varying(120) NOT NULL,
    description text,
    material character varying(100),
    is_active boolean NOT NULL,
    is_featured boolean NOT NULL,
    is_selective boolean NOT NULL,
    is_most_demanded boolean NOT NULL,
    created_at timestamp with time zone NOT NULL,
    updated_at timestamp with time zone NOT NULL,
    auto_disabled boolean NOT NULL,
    brand_id bigint,
    category_id bigint
);


ALTER TABLE public.products_product OWNER TO postgres;

--
-- Name: products_product_id_seq; Type: SEQUENCE; Schema: public; Owner: postgres
--

ALTER TABLE public.products_product ALTER COLUMN id ADD GENERATED BY DEFAULT AS IDENTITY (
    SEQUENCE NAME public.products_product_id_seq
    START WITH 1
    INCREMENT BY 1
    NO MINVALUE
    NO MAXVALUE
    CACHE 1
);


--
-- Name: products_productvariant; Type: TABLE; Schema: public; Owner: postgres
--

CREATE TABLE public.products_productvariant (
    id bigint NOT NULL,
    base_price numeric(8,2) NOT NULL,
    sales_price numeric(8,2),
    stock integer NOT NULL,
    sku character varying(100) NOT NULL,
    is_active boolean NOT NULL,
    created_at timestamp with time zone NOT NULL,
    color_id bigint,
    product_id bigint NOT NULL,
    size_id bigint,
    CONSTRAINT products_productvariant_stock_check CHECK ((stock >= 0))
);


ALTER TABLE public.products_productvariant OWNER TO postgres;

--
-- Name: products_productvariant_id_seq; Type: SEQUENCE; Schema: public; Owner: postgres
--

ALTER TABLE public.products_productvariant ALTER COLUMN id ADD GENERATED BY DEFAULT AS IDENTITY (
    SEQUENCE NAME public.products_productvariant_id_seq
    START WITH 1
    INCREMENT BY 1
    NO MINVALUE
    NO MAXVALUE
    CACHE 1
);


--
-- Name: products_productvariantimage; Type: TABLE; Schema: public; Owner: postgres
--

CREATE TABLE public.products_productvariantimage (
    id bigint NOT NULL,
    image character varying(100) NOT NULL,
    alt_text character varying(250) NOT NULL,
    is_primary boolean NOT NULL,
    created_at timestamp with time zone NOT NULL,
    variant_id bigint NOT NULL
);


ALTER TABLE public.products_productvariantimage OWNER TO postgres;

--
-- Name: products_productvariantimage_id_seq; Type: SEQUENCE; Schema: public; Owner: postgres
--

ALTER TABLE public.products_productvariantimage ALTER COLUMN id ADD GENERATED BY DEFAULT AS IDENTITY (
    SEQUENCE NAME public.products_productvariantimage_id_seq
    START WITH 1
    INCREMENT BY 1
    NO MINVALUE
    NO MAXVALUE
    CACHE 1
);


--
-- Name: products_size; Type: TABLE; Schema: public; Owner: postgres
--

CREATE TABLE public.products_size (
    id bigint NOT NULL,
    name character varying(10) NOT NULL
);


ALTER TABLE public.products_size OWNER TO postgres;

--
-- Name: products_size_id_seq; Type: SEQUENCE; Schema: public; Owner: postgres
--

ALTER TABLE public.products_size ALTER COLUMN id ADD GENERATED BY DEFAULT AS IDENTITY (
    SEQUENCE NAME public.products_size_id_seq
    START WITH 1
    INCREMENT BY 1
    NO MINVALUE
    NO MAXVALUE
    CACHE 1
);


--
-- Name: socialaccount_socialaccount; Type: TABLE; Schema: public; Owner: postgres
--

CREATE TABLE public.socialaccount_socialaccount (
    id integer NOT NULL,
    provider character varying(200) NOT NULL,
    uid character varying(191) NOT NULL,
    last_login timestamp with time zone NOT NULL,
    date_joined timestamp with time zone NOT NULL,
    extra_data jsonb NOT NULL,
    user_id bigint NOT NULL
);


ALTER TABLE public.socialaccount_socialaccount OWNER TO postgres;

--
-- Name: socialaccount_socialaccount_id_seq; Type: SEQUENCE; Schema: public; Owner: postgres
--

ALTER TABLE public.socialaccount_socialaccount ALTER COLUMN id ADD GENERATED BY DEFAULT AS IDENTITY (
    SEQUENCE NAME public.socialaccount_socialaccount_id_seq
    START WITH 1
    INCREMENT BY 1
    NO MINVALUE
    NO MAXVALUE
    CACHE 1
);


--
-- Name: socialaccount_socialapp; Type: TABLE; Schema: public; Owner: postgres
--

CREATE TABLE public.socialaccount_socialapp (
    id integer NOT NULL,
    provider character varying(30) NOT NULL,
    name character varying(40) NOT NULL,
    client_id character varying(191) NOT NULL,
    secret character varying(191) NOT NULL,
    key character varying(191) NOT NULL,
    provider_id character varying(200) NOT NULL,
    settings jsonb NOT NULL
);


ALTER TABLE public.socialaccount_socialapp OWNER TO postgres;

--
-- Name: socialaccount_socialapp_id_seq; Type: SEQUENCE; Schema: public; Owner: postgres
--

ALTER TABLE public.socialaccount_socialapp ALTER COLUMN id ADD GENERATED BY DEFAULT AS IDENTITY (
    SEQUENCE NAME public.socialaccount_socialapp_id_seq
    START WITH 1
    INCREMENT BY 1
    NO MINVALUE
    NO MAXVALUE
    CACHE 1
);


--
-- Name: socialaccount_socialapp_sites; Type: TABLE; Schema: public; Owner: postgres
--

CREATE TABLE public.socialaccount_socialapp_sites (
    id bigint NOT NULL,
    socialapp_id integer NOT NULL,
    site_id integer NOT NULL
);


ALTER TABLE public.socialaccount_socialapp_sites OWNER TO postgres;

--
-- Name: socialaccount_socialapp_sites_id_seq; Type: SEQUENCE; Schema: public; Owner: postgres
--

ALTER TABLE public.socialaccount_socialapp_sites ALTER COLUMN id ADD GENERATED BY DEFAULT AS IDENTITY (
    SEQUENCE NAME public.socialaccount_socialapp_sites_id_seq
    START WITH 1
    INCREMENT BY 1
    NO MINVALUE
    NO MAXVALUE
    CACHE 1
);


--
-- Name: socialaccount_socialtoken; Type: TABLE; Schema: public; Owner: postgres
--

CREATE TABLE public.socialaccount_socialtoken (
    id integer NOT NULL,
    token text NOT NULL,
    token_secret text NOT NULL,
    expires_at timestamp with time zone,
    account_id integer NOT NULL,
    app_id integer
);


ALTER TABLE public.socialaccount_socialtoken OWNER TO postgres;

--
-- Name: socialaccount_socialtoken_id_seq; Type: SEQUENCE; Schema: public; Owner: postgres
--

ALTER TABLE public.socialaccount_socialtoken ALTER COLUMN id ADD GENERATED BY DEFAULT AS IDENTITY (
    SEQUENCE NAME public.socialaccount_socialtoken_id_seq
    START WITH 1
    INCREMENT BY 1
    NO MINVALUE
    NO MAXVALUE
    CACHE 1
);


--
-- Name: user_section_contact; Type: TABLE; Schema: public; Owner: postgres
--

CREATE TABLE public.user_section_contact (
    id bigint NOT NULL,
    name character varying(150) NOT NULL,
    email character varying(254) NOT NULL,
    inquiry_type character varying(20) NOT NULL,
    message text NOT NULL,
    created_at timestamp with time zone NOT NULL,
    is_resolved boolean NOT NULL
);


ALTER TABLE public.user_section_contact OWNER TO postgres;

--
-- Name: user_section_contact_id_seq; Type: SEQUENCE; Schema: public; Owner: postgres
--

ALTER TABLE public.user_section_contact ALTER COLUMN id ADD GENERATED BY DEFAULT AS IDENTITY (
    SEQUENCE NAME public.user_section_contact_id_seq
    START WITH 1
    INCREMENT BY 1
    NO MINVALUE
    NO MAXVALUE
    CACHE 1
);


--
-- Name: user_section_useraddress; Type: TABLE; Schema: public; Owner: postgres
--

CREATE TABLE public.user_section_useraddress (
    id bigint NOT NULL,
    address_line_1 character varying(255) NOT NULL,
    address_line_2 character varying(255),
    city character varying(100) NOT NULL,
    state character varying(100) NOT NULL,
    pincode character varying(10) NOT NULL,
    address_type character varying(10) NOT NULL,
    country character varying(100) NOT NULL,
    is_default boolean NOT NULL,
    user_id bigint NOT NULL
);


ALTER TABLE public.user_section_useraddress OWNER TO postgres;

--
-- Name: user_section_useraddress_id_seq; Type: SEQUENCE; Schema: public; Owner: postgres
--

ALTER TABLE public.user_section_useraddress ALTER COLUMN id ADD GENERATED BY DEFAULT AS IDENTITY (
    SEQUENCE NAME public.user_section_useraddress_id_seq
    START WITH 1
    INCREMENT BY 1
    NO MINVALUE
    NO MAXVALUE
    CACHE 1
);


--
-- Name: user_section_wishlist; Type: TABLE; Schema: public; Owner: postgres
--

CREATE TABLE public.user_section_wishlist (
    id bigint NOT NULL,
    created_at timestamp with time zone NOT NULL,
    user_id bigint NOT NULL
);


ALTER TABLE public.user_section_wishlist OWNER TO postgres;

--
-- Name: user_section_wishlist_id_seq; Type: SEQUENCE; Schema: public; Owner: postgres
--

ALTER TABLE public.user_section_wishlist ALTER COLUMN id ADD GENERATED BY DEFAULT AS IDENTITY (
    SEQUENCE NAME public.user_section_wishlist_id_seq
    START WITH 1
    INCREMENT BY 1
    NO MINVALUE
    NO MAXVALUE
    CACHE 1
);


--
-- Name: user_section_wishlistitem; Type: TABLE; Schema: public; Owner: postgres
--

CREATE TABLE public.user_section_wishlistitem (
    id bigint NOT NULL,
    added_at timestamp with time zone NOT NULL,
    updated_at timestamp with time zone NOT NULL,
    variant_id bigint NOT NULL,
    wishlist_id bigint NOT NULL
);


ALTER TABLE public.user_section_wishlistitem OWNER TO postgres;

--
-- Name: user_section_wishlistitem_id_seq; Type: SEQUENCE; Schema: public; Owner: postgres
--

ALTER TABLE public.user_section_wishlistitem ALTER COLUMN id ADD GENERATED BY DEFAULT AS IDENTITY (
    SEQUENCE NAME public.user_section_wishlistitem_id_seq
    START WITH 1
    INCREMENT BY 1
    NO MINVALUE
    NO MAXVALUE
    CACHE 1
);


--
-- Name: wallet_wallet; Type: TABLE; Schema: public; Owner: postgres
--

CREATE TABLE public.wallet_wallet (
    id bigint NOT NULL,
    balance numeric(10,2) NOT NULL,
    created_at timestamp with time zone NOT NULL,
    updated_at timestamp with time zone NOT NULL,
    user_id bigint NOT NULL
);


ALTER TABLE public.wallet_wallet OWNER TO postgres;

--
-- Name: wallet_wallet_id_seq; Type: SEQUENCE; Schema: public; Owner: postgres
--

ALTER TABLE public.wallet_wallet ALTER COLUMN id ADD GENERATED BY DEFAULT AS IDENTITY (
    SEQUENCE NAME public.wallet_wallet_id_seq
    START WITH 1
    INCREMENT BY 1
    NO MINVALUE
    NO MAXVALUE
    CACHE 1
);


--
-- Name: wallet_wallettransaction; Type: TABLE; Schema: public; Owner: postgres
--

CREATE TABLE public.wallet_wallettransaction (
    id bigint NOT NULL,
    transaction_type character varying(20) NOT NULL,
    amount numeric(10,2) NOT NULL,
    description character varying(255) NOT NULL,
    created_at timestamp with time zone NOT NULL,
    wallet_id bigint NOT NULL
);


ALTER TABLE public.wallet_wallettransaction OWNER TO postgres;

--
-- Name: wallet_wallettransaction_id_seq; Type: SEQUENCE; Schema: public; Owner: postgres
--

ALTER TABLE public.wallet_wallettransaction ALTER COLUMN id ADD GENERATED BY DEFAULT AS IDENTITY (
    SEQUENCE NAME public.wallet_wallettransaction_id_seq
    START WITH 1
    INCREMENT BY 1
    NO MINVALUE
    NO MAXVALUE
    CACHE 1
);


--
-- Data for Name: account_emailaddress; Type: TABLE DATA; Schema: public; Owner: postgres
--

COPY public.account_emailaddress (id, email, verified, "primary", user_id) FROM stdin;
\.


--
-- Data for Name: account_emailconfirmation; Type: TABLE DATA; Schema: public; Owner: postgres
--

COPY public.account_emailconfirmation (id, created, sent, key, email_address_id) FROM stdin;
\.


--
-- Data for Name: accounts_customuser; Type: TABLE DATA; Schema: public; Owner: postgres
--

COPY public.accounts_customuser (id, password, last_login, is_superuser, first_name, last_name, email, phone, profile_pic, is_active, is_verified, is_staff, date_joined, updated_at, gender, has_used_referral, has_seen_referral_page) FROM stdin;
4	pbkdf2_sha256$1000000$8bviPc6aKkfibnGCqDwy5u$WT6UQ7LvF+mMJ0V9V2o11U2Vp94eXijtbVQ4BAUi9/A=	2026-03-05 10:57:42.603497+05:30	f	Abdul	Ahad	ahad@gmail.com	\N		t	f	f	2026-03-05 10:57:25.409161+05:30	2026-03-05 10:57:42.698209+05:30	\N	f	t
2	pbkdf2_sha256$1000000$XUBLvF0dQcDZNSyQPDdSKf$j8gq6i12z4P0iV4PdwoViN9/VVLm1lCDFIItgjUKzqM=	2026-03-05 11:01:41.586419+05:30	f	Anfan	Mohammed	anfan@gmail.com	\N		t	f	f	2026-03-05 10:55:13.875817+05:30	2026-03-05 10:55:54.327139+05:30	\N	f	t
5	pbkdf2_sha256$1000000$QOp8rnh62Xk0zzqXjnoJZ6$yxY88Jzd/zLICPlDoD1k96rqwydvF8sU7dxreQsFtAk=	2026-03-05 11:01:06.531+05:30	f	Basheera	Ali	basheera@gmail.com	\N		t	f	f	2026-03-05 11:00:20.046244+05:30	2026-03-05 11:01:51.592169+05:30	\N	t	t
6	pbkdf2_sha256$1000000$lCAgZQtkaoR2bB7J6eCnkM$xB4roedQzRPm5mFrwvip4gWeFRV8OPEYa18hCu6Yo08=	2026-03-05 11:06:21.517603+05:30	f	Jabir	Ali	jabir@gmail.com	\N		t	f	f	2026-03-05 11:05:59.370741+05:30	2026-03-05 11:06:29.614751+05:30	\N	t	t
1	pbkdf2_sha256$1000000$1E2piZkg7kVt6pI9UVQOei$P5nZvT7uKofA05fiiNu2Dq9MbonRJeaanK/9qDEFr98=	2026-03-05 11:27:15.266133+05:30	t	admin	admin	admin@gmail.com	\N		t	t	t	2026-03-05 10:25:28.3167+05:30	2026-03-05 10:25:28.316728+05:30	\N	f	f
7		2026-03-05 12:13:24.50515+05:30	f	Baheeja		baheeja3@gmail.com	\N		t	t	f	2026-03-05 12:13:24.472034+05:30	2026-03-05 12:13:24.472061+05:30	\N	f	f
8	pbkdf2_sha256$1000000$voXDQ5mDKGk41vUpMKwjQM$5dYA9+4aLJ9iYsgiom5qoAUlH7oWr7jCnGLNopwoGVg=	2026-03-05 14:39:41.70493+05:30	f	Mina	Naseem	mina@gmail.com	\N		t	f	f	2026-03-05 14:39:12.958724+05:30	2026-03-05 14:39:41.795329+05:30	\N	f	t
3	pbkdf2_sha256$1000000$MVIa0hRJ2Owu6eO5M7Ptnq$m3Gj/SxAxkcJZx4xnkOyMsPETvmS1txKC1QYu98fDkg=	2026-03-05 14:50:15.59845+05:30	f	Ayaan	Mohammed	ayaan@gmail.com	\N		t	f	f	2026-03-05 10:56:26.109463+05:30	2026-03-05 14:50:08.016597+05:30	\N	f	t
\.


--
-- Data for Name: accounts_customuser_groups; Type: TABLE DATA; Schema: public; Owner: postgres
--

COPY public.accounts_customuser_groups (id, customuser_id, group_id) FROM stdin;
\.


--
-- Data for Name: accounts_customuser_user_permissions; Type: TABLE DATA; Schema: public; Owner: postgres
--

COPY public.accounts_customuser_user_permissions (id, customuser_id, permission_id) FROM stdin;
\.


--
-- Data for Name: auth_group; Type: TABLE DATA; Schema: public; Owner: postgres
--

COPY public.auth_group (id, name) FROM stdin;
\.


--
-- Data for Name: auth_group_permissions; Type: TABLE DATA; Schema: public; Owner: postgres
--

COPY public.auth_group_permissions (id, group_id, permission_id) FROM stdin;
\.


--
-- Data for Name: auth_permission; Type: TABLE DATA; Schema: public; Owner: postgres
--

COPY public.auth_permission (id, name, content_type_id, codename) FROM stdin;
1	Can add log entry	1	add_logentry
2	Can change log entry	1	change_logentry
3	Can delete log entry	1	delete_logentry
4	Can view log entry	1	view_logentry
5	Can add permission	2	add_permission
6	Can change permission	2	change_permission
7	Can delete permission	2	delete_permission
8	Can view permission	2	view_permission
9	Can add group	3	add_group
10	Can change group	3	change_group
11	Can delete group	3	delete_group
12	Can view group	3	view_group
13	Can add content type	4	add_contenttype
14	Can change content type	4	change_contenttype
15	Can delete content type	4	delete_contenttype
16	Can view content type	4	view_contenttype
17	Can add session	5	add_session
18	Can change session	5	change_session
19	Can delete session	5	delete_session
20	Can view session	5	view_session
21	Can add site	6	add_site
22	Can change site	6	change_site
23	Can delete site	6	delete_site
24	Can view site	6	view_site
25	Can add email address	7	add_emailaddress
26	Can change email address	7	change_emailaddress
27	Can delete email address	7	delete_emailaddress
28	Can view email address	7	view_emailaddress
29	Can add email confirmation	8	add_emailconfirmation
30	Can change email confirmation	8	change_emailconfirmation
31	Can delete email confirmation	8	delete_emailconfirmation
32	Can view email confirmation	8	view_emailconfirmation
33	Can add social account	9	add_socialaccount
34	Can change social account	9	change_socialaccount
35	Can delete social account	9	delete_socialaccount
36	Can view social account	9	view_socialaccount
37	Can add social application	10	add_socialapp
38	Can change social application	10	change_socialapp
39	Can delete social application	10	delete_socialapp
40	Can view social application	10	view_socialapp
41	Can add social application token	11	add_socialtoken
42	Can change social application token	11	change_socialtoken
43	Can delete social application token	11	delete_socialtoken
44	Can view social application token	11	view_socialtoken
45	Can add custom user	12	add_customuser
46	Can change custom user	12	change_customuser
47	Can delete custom user	12	delete_customuser
48	Can view custom user	12	view_customuser
49	Can add brand	13	add_brand
50	Can change brand	13	change_brand
51	Can delete brand	13	delete_brand
52	Can view brand	13	view_brand
53	Can add category	14	add_category
54	Can change category	14	change_category
55	Can delete category	14	delete_category
56	Can view category	14	view_category
57	Can add color	15	add_color
58	Can change color	15	change_color
59	Can delete color	15	delete_color
60	Can view color	15	view_color
61	Can add size	16	add_size
62	Can change size	16	change_size
63	Can delete size	16	delete_size
64	Can view size	16	view_size
65	Can add product	17	add_product
66	Can change product	17	change_product
67	Can delete product	17	delete_product
68	Can view product	17	view_product
69	Can add product variant	18	add_productvariant
70	Can change product variant	18	change_productvariant
71	Can delete product variant	18	delete_productvariant
72	Can view product variant	18	view_productvariant
73	Can add product variant image	19	add_productvariantimage
74	Can change product variant image	19	change_productvariantimage
75	Can delete product variant image	19	delete_productvariantimage
76	Can view product variant image	19	view_productvariantimage
77	Can add contact	20	add_contact
78	Can change contact	20	change_contact
79	Can delete contact	20	delete_contact
80	Can view contact	20	view_contact
81	Can add user address	21	add_useraddress
82	Can change user address	21	change_useraddress
83	Can delete user address	21	delete_useraddress
84	Can view user address	21	view_useraddress
85	Can add wishlist	22	add_wishlist
86	Can change wishlist	22	change_wishlist
87	Can delete wishlist	22	delete_wishlist
88	Can view wishlist	22	view_wishlist
89	Can add wishlist item	23	add_wishlistitem
90	Can change wishlist item	23	change_wishlistitem
91	Can delete wishlist item	23	delete_wishlistitem
92	Can view wishlist item	23	view_wishlistitem
93	Can add cart	24	add_cart
94	Can change cart	24	change_cart
95	Can delete cart	24	delete_cart
96	Can view cart	24	view_cart
97	Can add cart item	25	add_cartitem
98	Can change cart item	25	change_cartitem
99	Can delete cart item	25	delete_cartitem
100	Can view cart item	25	view_cartitem
101	Can add order	26	add_order
102	Can change order	26	change_order
103	Can delete order	26	delete_order
104	Can view order	26	view_order
105	Can add order item	27	add_orderitem
106	Can change order item	27	change_orderitem
107	Can delete order item	27	delete_orderitem
108	Can view order item	27	view_orderitem
109	Can add Coupon	28	add_coupon
110	Can change Coupon	28	change_coupon
111	Can delete Coupon	28	delete_coupon
112	Can view Coupon	28	view_coupon
113	Can add referral	29	add_referral
114	Can change referral	29	change_referral
115	Can delete referral	29	delete_referral
116	Can view referral	29	view_referral
117	Can add referral reward	30	add_referralreward
118	Can change referral reward	30	change_referralreward
119	Can delete referral reward	30	delete_referralreward
120	Can view referral reward	30	view_referralreward
121	Can add referral usage	31	add_referralusage
122	Can change referral usage	31	change_referralusage
123	Can delete referral usage	31	delete_referralusage
124	Can view referral usage	31	view_referralusage
125	Can add coupon usage	32	add_couponusage
126	Can change coupon usage	32	change_couponusage
127	Can delete coupon usage	32	delete_couponusage
128	Can view coupon usage	32	view_couponusage
129	Can add offer	33	add_offer
130	Can change offer	33	change_offer
131	Can delete offer	33	delete_offer
132	Can view offer	33	view_offer
133	Can add wallet	34	add_wallet
134	Can change wallet	34	change_wallet
135	Can delete wallet	34	delete_wallet
136	Can view wallet	34	view_wallet
137	Can add wallet transaction	35	add_wallettransaction
138	Can change wallet transaction	35	change_wallettransaction
139	Can delete wallet transaction	35	delete_wallettransaction
140	Can view wallet transaction	35	view_wallettransaction
\.


--
-- Data for Name: brandsandcategories_brand; Type: TABLE DATA; Schema: public; Owner: postgres
--

COPY public.brandsandcategories_brand (id, name, logo, is_active, created_at, updated_at) FROM stdin;
1	Zara	media/brands/logos/zara_occltk	t	2026-03-05 10:29:02.044385+05:30	2026-03-05 10:29:02.044426+05:30
2	Allen Solly	media/brands/logos/allensolly_e5ejiv	t	2026-03-05 10:29:59.30318+05:30	2026-03-05 10:29:59.303219+05:30
3	Biba	media/brands/logos/biba_wf3bdk	t	2026-03-05 10:30:36.405931+05:30	2026-03-05 10:30:36.405971+05:30
4	H&M	media/brands/logos/hm_lkykw2	t	2026-03-05 10:31:13.186705+05:30	2026-03-05 10:31:13.186735+05:30
\.


--
-- Data for Name: brandsandcategories_category; Type: TABLE DATA; Schema: public; Owner: postgres
--

COPY public.brandsandcategories_category (id, name, is_active, created_at, updated_at) FROM stdin;
1	Skirt	t	2026-03-05 10:31:28.339483+05:30	2026-03-05 10:31:28.33954+05:30
2	Saree	t	2026-03-05 10:31:36.563714+05:30	2026-03-05 10:31:36.563737+05:30
3	Kurta	t	2026-03-05 10:31:43.189376+05:30	2026-03-05 10:31:43.189404+05:30
4	Kurti Set	t	2026-03-05 10:31:51.101267+05:30	2026-03-05 10:31:51.10129+05:30
5	Lehenga	t	2026-03-05 10:32:02.832362+05:30	2026-03-05 10:32:02.83239+05:30
6	Blazer	t	2026-03-05 10:32:19.720076+05:30	2026-03-05 10:32:19.720098+05:30
7	Gown	t	2026-03-05 10:44:35.157726+05:30	2026-03-05 10:44:35.157769+05:30
8	Jeans	t	2026-03-05 11:24:14.393769+05:30	2026-03-05 11:24:14.393795+05:30
9	Shawl	t	2026-03-05 14:47:04.446542+05:30	2026-03-05 14:47:04.446565+05:30
\.


--
-- Data for Name: cart_cart; Type: TABLE DATA; Schema: public; Owner: postgres
--

COPY public.cart_cart (id, created_at, updated_at, is_active, user_id) FROM stdin;
1	2026-03-05 10:58:24.467506+05:30	2026-03-05 10:58:24.467541+05:30	f	4
2	2026-03-05 11:09:44.434541+05:30	2026-03-05 11:09:44.434586+05:30	f	6
3	2026-03-05 12:59:51.642808+05:30	2026-03-05 12:59:51.642819+05:30	f	3
4	2026-03-05 13:02:53.179115+05:30	2026-03-05 13:02:53.179127+05:30	f	3
5	2026-03-05 14:40:40.156816+05:30	2026-03-05 14:40:40.156871+05:30	f	8
6	2026-03-05 14:43:56.786648+05:30	2026-03-05 14:43:56.78667+05:30	f	8
\.


--
-- Data for Name: cart_cartitem; Type: TABLE DATA; Schema: public; Owner: postgres
--

COPY public.cart_cartitem (id, quantity, added_at, cart_id, variant_id) FROM stdin;
1	1	2026-03-05 10:58:24.488126+05:30	1	7
2	1	2026-03-05 11:09:44.453583+05:30	2	14
3	1	2026-03-05 11:09:47.842708+05:30	2	9
4	1	2026-03-05 12:59:51.655489+05:30	3	23
6	1	2026-03-05 13:44:07.285312+05:30	4	20
7	1	2026-03-05 14:40:40.174777+05:30	5	14
8	1	2026-03-05 14:43:56.803822+05:30	6	25
9	1	2026-03-05 14:44:02.900036+05:30	6	23
\.


--
-- Data for Name: django_admin_log; Type: TABLE DATA; Schema: public; Owner: postgres
--

COPY public.django_admin_log (id, action_time, object_id, object_repr, action_flag, change_message, content_type_id, user_id) FROM stdin;
1	2026-03-05 10:35:59.027299+05:30	1	S	1	[{"added": {}}]	16	1
2	2026-03-05 10:36:04.290122+05:30	2	M	1	[{"added": {}}]	16	1
3	2026-03-05 10:36:09.726955+05:30	3	L	1	[{"added": {}}]	16	1
4	2026-03-05 10:36:16.454598+05:30	4	XL	1	[{"added": {}}]	16	1
5	2026-03-05 10:37:00.967533+05:30	1	Navy Blue	1	[{"added": {}}]	15	1
6	2026-03-05 10:37:15.364351+05:30	2	Royal Blue	1	[{"added": {}}]	15	1
7	2026-03-05 10:37:42.946419+05:30	3	Sky Blue	1	[{"added": {}}]	15	1
8	2026-03-05 10:38:16.294334+05:30	4	Red	1	[{"added": {}}]	15	1
9	2026-03-05 10:38:28.395429+05:30	5	Green	1	[{"added": {}}]	15	1
10	2026-03-05 10:38:41.755171+05:30	6	Yellow	1	[{"added": {}}]	15	1
11	2026-03-05 10:38:54.27266+05:30	7	Orange	1	[{"added": {}}]	15	1
12	2026-03-05 10:39:05.496643+05:30	8	Gray	1	[{"added": {}}]	15	1
13	2026-03-05 10:42:16.069229+05:30	9	Black	1	[{"added": {}}]	15	1
14	2026-03-05 10:46:09.442973+05:30	10	Maroon	1	[{"added": {}}]	15	1
15	2026-03-05 12:57:08.065305+05:30	11	white	1	[{"added": {}}]	15	1
\.


--
-- Data for Name: django_content_type; Type: TABLE DATA; Schema: public; Owner: postgres
--

COPY public.django_content_type (id, app_label, model) FROM stdin;
1	admin	logentry
2	auth	permission
3	auth	group
4	contenttypes	contenttype
5	sessions	session
6	sites	site
7	account	emailaddress
8	account	emailconfirmation
9	socialaccount	socialaccount
10	socialaccount	socialapp
11	socialaccount	socialtoken
12	accounts	customuser
13	brandsandcategories	brand
14	brandsandcategories	category
15	products	color
16	products	size
17	products	product
18	products	productvariant
19	products	productvariantimage
20	user_section	contact
21	user_section	useraddress
22	user_section	wishlist
23	user_section	wishlistitem
24	cart	cart
25	cart	cartitem
26	orders	order
27	orders	orderitem
28	offer	coupon
29	offer	referral
30	offer	referralreward
31	offer	referralusage
32	offer	couponusage
33	offer	offer
34	wallet	wallet
35	wallet	wallettransaction
\.


--
-- Data for Name: django_migrations; Type: TABLE DATA; Schema: public; Owner: postgres
--

COPY public.django_migrations (id, app, name, applied) FROM stdin;
1	contenttypes	0001_initial	2026-03-05 10:24:35.336714+05:30
2	contenttypes	0002_remove_content_type_name	2026-03-05 10:24:35.350373+05:30
3	auth	0001_initial	2026-03-05 10:24:35.422502+05:30
4	auth	0002_alter_permission_name_max_length	2026-03-05 10:24:35.438771+05:30
5	auth	0003_alter_user_email_max_length	2026-03-05 10:24:35.451359+05:30
6	auth	0004_alter_user_username_opts	2026-03-05 10:24:35.467341+05:30
7	auth	0005_alter_user_last_login_null	2026-03-05 10:24:35.480643+05:30
8	auth	0006_require_contenttypes_0002	2026-03-05 10:24:35.484624+05:30
9	auth	0007_alter_validators_add_error_messages	2026-03-05 10:24:35.494674+05:30
10	auth	0008_alter_user_username_max_length	2026-03-05 10:24:35.506484+05:30
11	auth	0009_alter_user_last_name_max_length	2026-03-05 10:24:35.517727+05:30
12	auth	0010_alter_group_name_max_length	2026-03-05 10:24:35.53199+05:30
13	auth	0011_update_proxy_permissions	2026-03-05 10:24:35.54242+05:30
14	auth	0012_alter_user_first_name_max_length	2026-03-05 10:24:35.550879+05:30
15	accounts	0001_initial	2026-03-05 10:24:35.583399+05:30
16	account	0001_initial	2026-03-05 10:24:35.619717+05:30
17	account	0002_email_max_length	2026-03-05 10:24:35.63504+05:30
18	account	0003_alter_emailaddress_create_unique_verified_email	2026-03-05 10:24:35.669783+05:30
19	account	0004_alter_emailaddress_drop_unique_email	2026-03-05 10:24:35.698475+05:30
20	account	0005_emailaddress_idx_upper_email	2026-03-05 10:24:35.721395+05:30
21	account	0006_emailaddress_lower	2026-03-05 10:24:35.747209+05:30
22	account	0007_emailaddress_idx_email	2026-03-05 10:24:35.78137+05:30
23	account	0008_emailaddress_unique_primary_email_fixup	2026-03-05 10:24:35.812554+05:30
24	account	0009_emailaddress_unique_primary_email	2026-03-05 10:24:35.830464+05:30
25	accounts	0002_alter_customuser_is_superuser	2026-03-05 10:24:35.843342+05:30
26	accounts	0003_alter_customuser_profile_pic	2026-03-05 10:24:35.863639+05:30
27	accounts	0004_remove_customuser_is_admin_and_more	2026-03-05 10:24:35.897704+05:30
28	accounts	0005_rename_created_at_customuser_date_joined	2026-03-05 10:24:35.915223+05:30
29	accounts	0006_alter_customuser_last_login	2026-03-05 10:24:35.928684+05:30
30	accounts	0007_customuser_gender	2026-03-05 10:24:35.949198+05:30
31	accounts	0008_alter_customuser_gender	2026-03-05 10:24:35.969304+05:30
32	accounts	0009_alter_customuser_profile_pic	2026-03-05 10:24:35.986942+05:30
33	accounts	0010_customuser_referral_code_customuser_referred_by	2026-03-05 10:24:36.027979+05:30
34	accounts	0011_remove_customuser_referral_code_and_more	2026-03-05 10:24:36.061228+05:30
35	accounts	0012_customuser_referral_code_customuser_referred_by	2026-03-05 10:24:36.103701+05:30
36	accounts	0013_remove_customuser_referral_code_and_more	2026-03-05 10:24:36.145107+05:30
37	accounts	0010_customuser_has_used_referral	2026-03-05 10:24:36.160639+05:30
38	accounts	0011_customuser_has_seen_referral_page	2026-03-05 10:24:36.179871+05:30
39	accounts	0014_merge_20260219_1713	2026-03-05 10:24:36.183949+05:30
40	admin	0001_initial	2026-03-05 10:24:36.222532+05:30
41	admin	0002_logentry_remove_auto_add	2026-03-05 10:24:36.235696+05:30
42	admin	0003_logentry_add_action_flag_choices	2026-03-05 10:24:36.249452+05:30
43	brandsandcategories	0001_initial	2026-03-05 10:24:36.271133+05:30
44	brandsandcategories	0002_alter_brand_options_alter_category_options_and_more	2026-03-05 10:24:36.2874+05:30
45	brandsandcategories	0003_alter_category_options_alter_category_image_and_more	2026-03-05 10:24:36.29686+05:30
46	brandsandcategories	0004_alter_category_image	2026-03-05 10:24:36.306849+05:30
47	brandsandcategories	0005_alter_category_image	2026-03-05 10:24:36.313603+05:30
48	brandsandcategories	0006_remove_category_image_alter_brand_description_and_more	2026-03-05 10:24:36.32958+05:30
49	brandsandcategories	0007_remove_brand_description_remove_category_description	2026-03-05 10:24:36.34552+05:30
50	products	0001_initial	2026-03-05 10:24:36.510009+05:30
51	cart	0001_initial	2026-03-05 10:24:36.567685+05:30
52	cart	0002_initial	2026-03-05 10:24:36.629909+05:30
53	offer	0001_initial	2026-03-05 10:24:36.781404+05:30
54	offer	0002_initial	2026-03-05 10:24:36.898847+05:30
55	user_section	0001_initial	2026-03-05 10:24:36.97718+05:30
56	orders	0001_initial	2026-03-05 10:24:36.990175+05:30
57	orders	0002_initial	2026-03-05 10:24:37.150138+05:30
58	sessions	0001_initial	2026-03-05 10:24:37.158924+05:30
59	sites	0001_initial	2026-03-05 10:24:37.163978+05:30
60	sites	0002_alter_domain_unique	2026-03-05 10:24:37.172174+05:30
61	socialaccount	0001_initial	2026-03-05 10:24:37.318314+05:30
62	socialaccount	0002_token_max_lengths	2026-03-05 10:24:37.358499+05:30
63	socialaccount	0003_extra_data_default_dict	2026-03-05 10:24:37.374627+05:30
64	socialaccount	0004_app_provider_id_settings	2026-03-05 10:24:37.409794+05:30
65	socialaccount	0005_socialtoken_nullable_app	2026-03-05 10:24:37.445034+05:30
66	socialaccount	0006_alter_socialaccount_extra_data	2026-03-05 10:24:37.46578+05:30
67	wallet	0001_initial	2026-03-05 10:24:37.5366+05:30
\.


--
-- Data for Name: django_session; Type: TABLE DATA; Schema: public; Owner: postgres
--

COPY public.django_session (session_key, session_data, expire_date) FROM stdin;
664hvmgep0sjb8zsy9mehvtivp3kfqxn	.eJxVjMsOgjAQRf-la9N0gE6pS_d-QzOPVlADCYWV8d-VhIVu7znnvkyibR3SVvOSRjVnA-b0uzHJI0870DtNt9nKPK3LyHZX7EGrvc6an5fD_TsYqA7f2jfoXO-hgQyigQJRaFE9lkiowgylB-i6IoINSymx5ayMiOyiSDTvD9-qOIw:1vy0kY:cPMnZHkIsJFdW0H50OPQhybTSA97VamFKjL8OKaVmkI	2026-03-19 10:25:50.847829+05:30
ycc3xcw9if50qgjumes79w7bf0k1joc7	.eJxVjDsOwjAQBe_iGln-7SampOcM1tpr4wBypDipEHeHSCmgfTPzXiLQttaw9byEicVZGHH63SKlR2474Du12yzT3NZlinJX5EG7vM6cn5fD_Tuo1Ou3JqOd51wcjCUXhVCiIuKkHFqL6BUkPQxIo0EPCa0HZdgWjzojayji_QHeoDdR:1vy1JF:YFftapPWv68MXEas51RP9jo6OZ42En1TyHcJ67ErNlY	2026-03-19 11:01:41.592733+05:30
5t5lrawcsebcxxgsgud6p6djtcq8av9g	.eJxVjMsOgjAQRf-la9N0gE6pS_d-QzOPVlADCYWV8d-VhIVu7znnvkyibR3SVvOSRjVnA-b0uzHJI0870DtNt9nKPK3LyHZX7EGrvc6an5fD_TsYqA7f2jfoXO-hgQyigQJRaFE9lkiowgylB-i6IoINSymx5ayMiOyiSDTvD9-qOIw:1vy1hz:DzaLlrtFnl--QEsjCBZwNztgrOBQ0WFFiEGe8No_jMQ	2026-03-19 11:27:15.269794+05:30
w19bkuvz7r43se7jao2dabedr94f7bgz	.eJwNyttugjAAANB_6TNboMj1DUaYIjqXCQyXpSmlEkZtsQWcI_z7fD5nBkqQFjNMiBj5gNSAB6qAP4O6xecKvofhNnN783oD_tcMeikIVQ8HTDQtBxqo8YCBz0fGNNB3hCIiaoomKttzS-Ujfh5wSlLZEfR3LMuNLDd7xjDzDnG9dlJvd0qnyg3o78XMpUJTtCsS1VD8kkY6es3kPbDjKj9FN4uLn1EcV_nEG_uyHU1eK8tL9iVXOAyjvH26fwSKJL3erY1Cv7r2W9HEmQEWzXAc6OhwZVrPLvSgDa3vZfkHxWtTsg:1vy4sl:h4OzPy8P2A37Bv5K7HTB5fueyo7qF-T5RBD5kvC2U34	2026-03-19 14:50:35.832144+05:30
20gwdsjhdyc9l67cl3wnsz54zsv1bypy	.eJydz8tyqjAAgOF3yVocIYSAO6lHi9wUEShnOgyScE2Jh0tVHN-9Lrs-6__ffA_Q86xKWZplfGyHpB_SgfZg-QBScY9hz7ajH8cDyglY_n2AS8cz2r86YLyoWjADJB1SsGxHxmbg0mQ0yTihyTftqryi3Wu0hXSvE-3oq7UnIAsnMD_b5R-aS9biGgf3KXSvgSy8Ja63fqv687Q7tNmkh5KRRFbThqlpMX0kvR_csbto5R3SnJyMZnMjxSC8e6VFNb0-be5hJNJ2-ndQPm4OgjH1zr5o1EfwnIkYS3iBNCjOoYokUcSfM7B4__Bh7Xhr1p6m4zr4Xx9eobOzSQ5or5hqFzP-ZQh2P5FLcOKC0ygxrIuvyW1uxt6NBsOuSLnvhYiUyQ53cNy2thQpGvPXlslLWhTVIK7UCErBNuUF9F1bCOmLU8jiqtGMLTSwAw1bvN5MXVA3KPrlk-EcYwVCLH8-nz863pmb:1vy5nL:yzrMUxJ_xyoDgYvjmV5MUBS-_1_TSWwlJDF0kOAXGEM	2026-03-19 15:49:03.776681+05:30
\.


--
-- Data for Name: django_site; Type: TABLE DATA; Schema: public; Owner: postgres
--

COPY public.django_site (id, domain, name) FROM stdin;
1	example.com	example.com
\.


--
-- Data for Name: offer_coupon; Type: TABLE DATA; Schema: public; Owner: postgres
--

COPY public.offer_coupon (id, code, discount_percentage, minimum_amount, max_discount_amount, max_usage_per_user, valid_from, valid_to, is_active, "limit", used_count, created_at) FROM stdin;
2	SAVE 50%	50	100.00	500.00	1	2026-03-05 00:00:00+05:30	2026-03-18 23:59:59.999999+05:30	t	50	0	2026-03-05 11:27:53.368846+05:30
1	SAVE 10%	10	1000.00	5000.00	1	2026-03-05 00:00:00+05:30	2026-03-08 23:59:59.999999+05:30	t	50	2	2026-03-05 11:10:51.851291+05:30
3	SAVE 90%	90	1000.00	5000.00	1	2026-03-05 00:00:00+05:30	2026-03-24 23:59:59.999999+05:30	t	50	1	2026-03-05 14:41:43.327815+05:30
\.


--
-- Data for Name: offer_couponusage; Type: TABLE DATA; Schema: public; Owner: postgres
--

COPY public.offer_couponusage (id, used_count, coupon_id, user_id) FROM stdin;
1	1	1	6
2	1	1	3
3	1	3	8
\.


--
-- Data for Name: offer_offer; Type: TABLE DATA; Schema: public; Owner: postgres
--

COPY public.offer_offer (id, name, offer_type, discount_percentage, start_at, end_at, is_active, created_at, updated_at) FROM stdin;
1	Summer Sale Offer	category	10	2026-03-05 00:00:00+05:30	2026-03-11 23:59:59.999999+05:30	t	2026-03-05 11:31:23.529521+05:30	2026-03-05 11:31:23.529538+05:30
\.


--
-- Data for Name: offer_offer_category; Type: TABLE DATA; Schema: public; Owner: postgres
--

COPY public.offer_offer_category (id, offer_id, category_id) FROM stdin;
1	1	2
\.


--
-- Data for Name: offer_offer_product; Type: TABLE DATA; Schema: public; Owner: postgres
--

COPY public.offer_offer_product (id, offer_id, product_id) FROM stdin;
\.


--
-- Data for Name: offer_referral; Type: TABLE DATA; Schema: public; Owner: postgres
--

COPY public.offer_referral (id, referral_code, used_count, created_at, updated_at, user_id) FROM stdin;
2	S5XD14F7	0	2026-03-05 11:01:55.653379+05:30	2026-03-05 11:01:55.653401+05:30	5
1	1W3VRAE7	2	2026-03-05 11:01:44.11118+05:30	2026-03-05 11:06:29.611958+05:30	2
3	BSC8A3S2	0	2026-03-05 11:06:33.421806+05:30	2026-03-05 11:06:33.421844+05:30	6
4	NKAHNFW0	0	2026-03-05 13:01:41.365218+05:30	2026-03-05 13:01:41.365238+05:30	3
5	ZYMKZVMU	0	2026-03-05 14:43:26.926908+05:30	2026-03-05 14:43:26.926935+05:30	8
\.


--
-- Data for Name: offer_referralreward; Type: TABLE DATA; Schema: public; Owner: postgres
--

COPY public.offer_referralreward (id, referrer_amount, receiver_amount, is_active, created_at) FROM stdin;
2	400.00	150.00	f	2026-03-05 11:05:25.662126+05:30
1	300.00	100.00	t	2026-03-05 11:05:11.275244+05:30
\.


--
-- Data for Name: offer_referralusage; Type: TABLE DATA; Schema: public; Owner: postgres
--

COPY public.offer_referralusage (id, referrer_reward_amount, receiver_reward_amount, status, created_at, receiver_id, referrer_id) FROM stdin;
1	0.00	0.00	Pending	2026-03-05 11:01:51.559998+05:30	5	2
2	300.00	100.00	Pending	2026-03-05 11:06:29.587827+05:30	6	2
\.


--
-- Data for Name: orders_order; Type: TABLE DATA; Schema: public; Owner: postgres
--

COPY public.orders_order (id, orderid, subtotal, discount, tax, total, payment_method, payment_status, delivery_charge, status, created_at, updated_at, coupon_discount, address_id, billing_address_id, coupon_id, user_id) FROM stdin;
1	ORD-34B63B7551	999.00	501.00	49.95	1088.95	razorpay	paid	40.00	delivered	2026-03-05 10:58:41.506482+05:30	2026-03-05 10:59:24.830142+05:30	0.00	1	1	\N	4
2	ORD-9EFE7AA5B0	1949.00	551.00	97.45	1851.55	razorpay	paid	0.00	delivered	2026-03-05 11:12:17.919363+05:30	2026-03-05 11:13:23.068283+05:30	194.90	2	2	1	6
3	ORD-724C160B11	899.00	1101.00	44.95	983.95	cod	refunded	40.00	returned	2026-03-05 13:00:07.766905+05:30	2026-03-05 13:01:36.930819+05:30	0.00	3	3	\N	3
4	ORD-260D892D5A	2000.00	0.00	100.00	1900.00	razorpay	paid	0.00	processing	2026-03-05 13:44:55.10596+05:30	2026-03-05 13:45:18.616952+05:30	200.00	3	3	1	3
5	ORD-28A89D085A	1200.00	300.00	60.00	180.00	razorpay	refunded	0.00	cancelled	2026-03-05 14:42:09.230713+05:30	2026-03-05 14:43:12.127737+05:30	1080.00	4	4	3	8
6	ORD-D6770EE5BF	2649.00	1351.00	132.45	2781.45	razorpay	partially_refunded	0.00	partially_returned	2026-03-05 14:44:40.218402+05:30	2026-03-05 14:46:14.627569+05:30	0.00	4	4	\N	8
\.


--
-- Data for Name: orders_orderitem; Type: TABLE DATA; Schema: public; Owner: postgres
--

COPY public.orders_orderitem (id, price, quantity, status, return_status, return_reason, cancel_reason, delivered_at, cancelled_at, returned_at, order_id, variant_id) FROM stdin;
1	999.00	1	delivered	none	\N	\N	2026-03-05 10:59:24.826407+05:30	\N	\N	1	7
2	749.00	1	delivered	none	\N	\N	2026-03-05 11:13:23.063723+05:30	\N	\N	2	9
3	1200.00	1	delivered	none	\N	\N	2026-03-05 11:13:23.063723+05:30	\N	\N	2	14
4	899.00	1	delivered	returned	\N	\N	2026-03-05 13:00:21.898183+05:30	\N	2026-03-05 13:01:36.921143+05:30	3	23
5	2000.00	1	ordered	none	\N	\N	\N	\N	\N	4	20
6	1200.00	1	cancelled	none	\N	damaged	\N	2026-03-05 14:43:12.094293+05:30	\N	5	14
8	1750.00	1	delivered	none	\N	\N	2026-03-05 14:45:30.764454+05:30	\N	\N	6	25
7	899.00	1	delivered	returned	\N	\N	2026-03-05 14:45:30.764454+05:30	\N	2026-03-05 14:46:14.600756+05:30	6	23
\.


--
-- Data for Name: products_color; Type: TABLE DATA; Schema: public; Owner: postgres
--

COPY public.products_color (id, name, hex_code) FROM stdin;
1	Navy Blue	#000080
2	Royal Blue	#4169E1
3	Sky Blue	#87CEEB
4	Red	#FF0000
5	Green	#00FF00
6	Yellow	#FFFF00
7	Orange	#FFA500
8	Gray	#FFC0CB
9	Black	#000000
10	Maroon	#800000
11	white	#FFFFFF
\.


--
-- Data for Name: products_product; Type: TABLE DATA; Schema: public; Owner: postgres
--

COPY public.products_product (id, name, slug, description, material, is_active, is_featured, is_selective, is_most_demanded, created_at, updated_at, auto_disabled, brand_id, category_id) FROM stdin;
1	Smart Casual Formal Blazer for Women	smart-casual-formal-blazer-for-women	M: Chest: 38, Shoulder: 15, Length: 23.5, Waist: 34 , Sleeves: 22\r\nHigh quality Imported fabric, 80% Polyester, soft and skin-friendly.\r\nCare Instructions: This casual blazer women is easy to wash in washing machine or by hand wash	Cotton Blend	t	t	t	t	2026-03-05 10:34:55.87453+05:30	2026-03-05 10:43:42.548597+05:30	f	2	6
4	Pure Cotton Embroidered Kurta Set	pure-cotton-embroidered-kurta-set	Stylish Kurta Set – Women’s straight-fit kurta with matching Pant & dupatta, perfect for a complete ethnic look.\r\n    Premium Viscose Fabric – Soft, breathable, and lightweight fabric ensures comfort with elegance for all-day wear.	Rayon Viscose	t	t	t	t	2026-03-05 12:17:18.799262+05:30	2026-03-05 12:21:55.274597+05:30	f	4	4
2	Women's Net Embroidered Semi-Stitched Gown	womens-net-embroidered-semi-stitched-gown	gown for women,frock women Net,long gown for women,gown saree for women, gown,gown dupatta set\r\nethnic gown women,anarkali for women for wedding, long anarkali set,wedding dress,anarkali gown,women gown	Net	t	t	t	t	2026-03-05 10:45:05.215233+05:30	2026-03-05 11:31:16.117955+05:30	f	4	7
5	Embroidered Saree	embroidered-saree	Saree Fabric : Vichitra Silk || Blouse Fabric : Vichitra Silk\r\n    Saree Length : 6.3 Mtr included Blouse Piece (5.5 Mtr Saree + 0.80 Mtr Blouse)\r\n    Saree Work Type : Embroidered / Comfortable to wear\r\n    Perfect for Event: Festive Wear Saree	100% Vichitra Silk	f	t	t	t	2026-03-05 12:51:45.97024+05:30	2026-03-05 12:51:45.970248+05:30	f	3	2
3	Silk Saree	saree	Design : silk saree\r\nFeatures : Saree With Blouse Piece\r\nStyle : The Texture And Weight Of The Saree Brings Image Prints One Step Closer To The Originals And Invites Attention	Silk	t	t	t	t	2026-03-05 12:12:42.493169+05:30	2026-03-05 12:59:28.964829+05:30	f	4	2
6	Kasavu Saree	kasavu-saree	Type: Assam Cotton Silk Blend Saree\r\nColor: Golden Beige\r\nFabric: Saree: Assam Cotton Silk || Blouse: Cotton Silk\r\nBorder Type: Temple contrast golden border	COTTON SILK	t	t	t	t	2026-03-05 12:53:23.644312+05:30	2026-03-05 13:20:30.499507+05:30	f	1	2
7	Embroided Shawl	embroided-shawl	Embroided Shawl	Cotton	t	t	t	t	2026-03-05 14:47:39.365074+05:30	2026-03-05 14:48:55.040296+05:30	f	4	9
\.


--
-- Data for Name: products_productvariant; Type: TABLE DATA; Schema: public; Owner: postgres
--

COPY public.products_productvariant (id, base_price, sales_price, stock, sku, is_active, created_at, color_id, product_id, size_id) FROM stdin;
1	1000.00	899.00	100	1-S-NAV-1	t	2026-03-05 10:40:04.883247+05:30	1	1	1
2	1000.00	899.00	100	1-M-NAV-1	t	2026-03-05 10:40:34.583819+05:30	1	1	2
3	1000.00	899.00	100	1-L-NAV-1	t	2026-03-05 10:41:00.033267+05:30	1	1	3
4	1000.00	899.00	100	1-XL-NAV-1	t	2026-03-05 10:41:23.556659+05:30	1	1	4
5	1500.00	999.00	100	1-S-BLA-9	t	2026-03-05 10:42:43.812515+05:30	9	1	1
6	1500.00	999.00	100	1-M-BLA-9	t	2026-03-05 10:43:09.961386+05:30	9	1	2
8	1000.00	749.00	100	2-S-MAR-10	t	2026-03-05 10:46:59.131704+05:30	10	2	1
10	1000.00	749.00	100	2-L-MAR-10	t	2026-03-05 10:48:34.898417+05:30	10	2	3
12	1000.00	749.00	100	2-XL-MAR-10	t	2026-03-05 10:49:22.661505+05:30	10	2	4
13	1500.00	1200.00	100	2-S-NAV-1	t	2026-03-05 10:50:22.061442+05:30	1	2	1
7	1500.00	999.00	99	1-L-BLA-9	t	2026-03-05 10:43:38.873269+05:30	9	1	3
9	1000.00	749.00	99	2-M-MAR-10	t	2026-03-05 10:47:47.863493+05:30	10	2	2
15	2000.00	1750.00	10	3-FS-GRE-5	t	2026-03-05 12:14:46.649623+05:30	5	3	\N
16	2000.00	1499.00	100	4-S-BLA-9	t	2026-03-05 12:18:29.666397+05:30	9	4	1
17	2000.00	1499.00	100	4-M-BLA-9	t	2026-03-05 12:19:09.902117+05:30	9	4	2
18	2000.00	1499.00	100	4-L-BLA-9	t	2026-03-05 12:19:57.42514+05:30	9	4	3
19	2000.00	1750.00	10	3-FS-RED-4	t	2026-03-05 12:21:15.383382+05:30	4	3	\N
21	2000.00	1750.00	10	3-FS-YEL-6	t	2026-03-05 12:23:11.178709+05:30	6	3	\N
22	2000.00	1750.00	10	3-FS-BLA-9	t	2026-03-05 12:24:21.026363+05:30	9	3	\N
24	2000.00	1750.00	10	6-FS-RED-4	t	2026-03-05 13:13:33.65441+05:30	4	6	\N
26	2000.00	1750.00	0	6-FS-YEL-6	t	2026-03-05 13:20:27.898202+05:30	6	6	\N
20	2000.00	\N	99	4-S-ROY-2	t	2026-03-05 12:21:52.346713+05:30	2	4	1
14	1500.00	1200.00	99	2-M-NAV-1	t	2026-03-05 10:51:03.610715+05:30	1	2	2
25	2000.00	1750.00	9	6-FS-GRE-5	t	2026-03-05 13:18:30.313271+05:30	5	6	\N
23	2000.00	899.00	100	6-FS-WHI-11	t	2026-03-05 12:57:53.595608+05:30	11	6	\N
27	499.00	399.00	10	7-S-RED-4	t	2026-03-05 14:48:52.011008+05:30	4	7	1
\.


--
-- Data for Name: products_productvariantimage; Type: TABLE DATA; Schema: public; Owner: postgres
--

COPY public.products_productvariantimage (id, image, alt_text, is_primary, created_at, variant_id) FROM stdin;
1	media/variant-images/blazer1.1.1_mv02js		t	2026-03-05 10:40:05.9266+05:30	1
2	media/variant-images/blazer1.1.2_pb3qfl		f	2026-03-05 10:40:06.868236+05:30	1
3	media/variant-images/blazer1.1.3_pfh0qs		f	2026-03-05 10:40:08.312733+05:30	1
4	media/variant-images/blazer1.1.1_ondyi3		t	2026-03-05 10:40:35.698143+05:30	2
5	media/variant-images/blazer1.1.2_pcreid		f	2026-03-05 10:40:36.714381+05:30	2
6	media/variant-images/blazer1.1.3_dd6jay		f	2026-03-05 10:40:37.543463+05:30	2
7	media/variant-images/blazer1.1.1_tpelqp		t	2026-03-05 10:41:01.006909+05:30	3
8	media/variant-images/blazer1.1.2_noca9v		f	2026-03-05 10:41:02.006027+05:30	3
9	media/variant-images/blazer1.1.3_h8nxi3		f	2026-03-05 10:41:02.73304+05:30	3
10	media/variant-images/blazer1.1.1_mxrs4e		t	2026-03-05 10:41:24.869639+05:30	4
11	media/variant-images/blazer1.1.2_nk1iyk		f	2026-03-05 10:41:25.981012+05:30	4
12	media/variant-images/blazer1.1.3_xiianw		f	2026-03-05 10:41:26.701173+05:30	4
13	media/variant-images/blazer1.2.1_oeeklq		t	2026-03-05 10:42:45.021481+05:30	5
14	media/variant-images/blazer1.2.2_aeha9v		f	2026-03-05 10:42:45.833087+05:30	5
15	media/variant-images/blazer1.2.3_lhao3t		f	2026-03-05 10:42:46.741186+05:30	5
16	media/variant-images/blazer1.2.1_hapxdx		t	2026-03-05 10:43:11.108122+05:30	6
17	media/variant-images/blazer1.2.2_bthsjr		f	2026-03-05 10:43:12.18048+05:30	6
18	media/variant-images/blazer1.2.3_oi7oxx		f	2026-03-05 10:43:13.081063+05:30	6
19	media/variant-images/blazer1.2.1_sxctys		t	2026-03-05 10:43:40.236377+05:30	7
20	media/variant-images/blazer1.2.2_saxd19		f	2026-03-05 10:43:41.546496+05:30	7
21	media/variant-images/blazer1.2.3_rhsiec		f	2026-03-05 10:43:42.53909+05:30	7
22	media/variant-images/gown1.1.1_tcxgvz		t	2026-03-05 10:47:00.314654+05:30	8
23	media/variant-images/gown1.1.2_yxge3y		f	2026-03-05 10:47:01.434595+05:30	8
24	media/variant-images/gown1.1.3_a8qbao		f	2026-03-05 10:47:02.670119+05:30	8
25	media/variant-images/gown1.1.4_qlre34		f	2026-03-05 10:47:03.985639+05:30	8
26	media/variant-images/gown1.1.1_mqa0cm		t	2026-03-05 10:47:48.967921+05:30	9
27	media/variant-images/gown1.1.2_kbttt2		f	2026-03-05 10:47:49.978096+05:30	9
28	media/variant-images/gown1.1.3_bmgogy		f	2026-03-05 10:47:51.002604+05:30	9
29	media/variant-images/gown1.1.4_cjlwfj		f	2026-03-05 10:47:52.429676+05:30	9
30	media/variant-images/gown1.1.1_flfuhh		t	2026-03-05 10:48:36.058644+05:30	10
31	media/variant-images/gown1.1.2_fakxx1		f	2026-03-05 10:48:37.094819+05:30	10
32	media/variant-images/gown1.1.3_fdeaxz		f	2026-03-05 10:48:38.003413+05:30	10
33	media/variant-images/gown1.1.4_nfq3tr		f	2026-03-05 10:48:39.236944+05:30	10
34	media/variant-images/gown1.1.1_nhauti		t	2026-03-05 10:49:23.682546+05:30	12
35	media/variant-images/gown1.1.2_wlnzq5		f	2026-03-05 10:49:24.802126+05:30	12
36	media/variant-images/gown1.1.3_pn70ut		f	2026-03-05 10:49:25.713319+05:30	12
37	media/variant-images/gown1.1.4_lbhplb		f	2026-03-05 10:49:26.734412+05:30	12
38	media/variant-images/gown1.2.1_i8khjt		t	2026-03-05 10:50:22.930987+05:30	13
39	media/variant-images/gown1.2.2_yli6ha		f	2026-03-05 10:50:23.980654+05:30	13
40	media/variant-images/gown1.2.3_gdnml9		f	2026-03-05 10:50:25.034045+05:30	13
41	media/variant-images/gown1.2.4_dpudoc		f	2026-03-05 10:50:26.25752+05:30	13
42	media/variant-images/gown1.2.1_v3m4cm		t	2026-03-05 10:51:04.434544+05:30	14
43	media/variant-images/gown1.2.2_rodwx6		f	2026-03-05 10:51:05.472347+05:30	14
44	media/variant-images/gown1.2.3_byyv9s		f	2026-03-05 10:51:06.399155+05:30	14
45	media/variant-images/gown1.2.4_kyygw1		f	2026-03-05 10:51:07.25159+05:30	14
46	media/variant-images/GV1_vxh3nf		t	2026-03-05 12:14:48.840167+05:30	15
47	media/variant-images/GV2_cxyloa		f	2026-03-05 12:14:49.8627+05:30	15
48	media/variant-images/GV3_dx1h7l		f	2026-03-05 12:14:51.399991+05:30	15
49	media/variant-images/GV4_fd4pa8		f	2026-03-05 12:14:52.32849+05:30	15
50	media/variant-images/kurtaset1.1.1_akubpz		t	2026-03-05 12:18:30.722285+05:30	16
51	media/variant-images/kurtaset1.1.2_uzsvpm		f	2026-03-05 12:18:31.942633+05:30	16
52	media/variant-images/kurtaset1.1.3_lx4hsp		f	2026-03-05 12:18:32.754381+05:30	16
53	media/variant-images/kurtaset1.1.4_cnxb1v		f	2026-03-05 12:18:33.8224+05:30	16
54	media/variant-images/kurtaset1.1.1_e8jyk7		t	2026-03-05 12:19:10.992592+05:30	17
55	media/variant-images/kurtaset1.1.2_kyhxam		f	2026-03-05 12:19:12.308266+05:30	17
56	media/variant-images/kurtaset1.1.3_tza7fr		f	2026-03-05 12:19:13.199066+05:30	17
57	media/variant-images/kurtaset1.1.4_looc5v		f	2026-03-05 12:19:14.156901+05:30	17
58	media/variant-images/kurtaset1.1.1_aauuj9		t	2026-03-05 12:19:58.544067+05:30	18
59	media/variant-images/kurtaset1.1.2_ya37xz		f	2026-03-05 12:19:59.594914+05:30	18
60	media/variant-images/kurtaset1.1.3_bfgknb		f	2026-03-05 12:20:00.570747+05:30	18
61	media/variant-images/kurtaset1.1.4_kqh8nv		f	2026-03-05 12:20:01.404134+05:30	18
62	media/variant-images/R1_sxtpid		t	2026-03-05 12:21:16.710516+05:30	19
63	media/variant-images/R2_cnkjt4		f	2026-03-05 12:21:17.813014+05:30	19
64	media/variant-images/R3_kepwex		f	2026-03-05 12:21:18.685736+05:30	19
65	media/variant-images/R4_nzd5ci		f	2026-03-05 12:21:19.611178+05:30	19
66	media/variant-images/kurtaset1.2.1_wwkuvt		t	2026-03-05 12:21:53.461358+05:30	20
67	media/variant-images/kurtaset1.2.2_wu49b0		f	2026-03-05 12:21:54.355007+05:30	20
68	media/variant-images/kurtaset1.2.3_ywa71h		f	2026-03-05 12:21:55.264134+05:30	20
69	media/variant-images/SY1_ret4sg		t	2026-03-05 12:23:12.454616+05:30	21
70	media/variant-images/SY2_wueik7		f	2026-03-05 12:23:13.248885+05:30	21
71	media/variant-images/SY3_m8in1v		f	2026-03-05 12:23:14.191229+05:30	21
72	media/variant-images/SR1_yecdmj		t	2026-03-05 12:24:21.783297+05:30	22
73	media/variant-images/SR2_xdjtva		f	2026-03-05 12:24:22.864934+05:30	22
74	media/variant-images/SR3_pqwrxs		f	2026-03-05 12:24:23.686628+05:30	22
75	media/variant-images/kasavu1.1_wrpdp0		t	2026-03-05 12:57:55.354604+05:30	23
76	media/variant-images/kasavu1.2_reh67f		f	2026-03-05 12:57:55.917597+05:30	23
77	media/variant-images/kasavu1.3_gx84tu		f	2026-03-05 12:57:57.018157+05:30	23
78	media/variant-images/skr1_kxyeqg		t	2026-03-05 13:13:35.615533+05:30	24
79	media/variant-images/skr2_jgy57w		f	2026-03-05 13:13:36.76643+05:30	24
80	media/variant-images/SKR3_udbd7d		f	2026-03-05 13:13:37.490876+05:30	24
81	media/variant-images/SKR4_wlbraf		f	2026-03-05 13:13:38.037881+05:30	24
82	media/variant-images/SKG1_rituf6		t	2026-03-05 13:18:31.472096+05:30	25
83	media/variant-images/SKG2_ritk4e		f	2026-03-05 13:18:32.394385+05:30	25
84	media/variant-images/SKG3_aakiai		f	2026-03-05 13:18:33.109826+05:30	25
85	media/variant-images/SKY1_jubuwm		t	2026-03-05 13:20:29.028692+05:30	26
86	media/variant-images/SKY2_ted886		f	2026-03-05 13:20:29.846777+05:30	26
87	media/variant-images/SKY3_hytxrj		f	2026-03-05 13:20:30.491839+05:30	26
88	media/variant-images/gown1.1.2_ccxcme		t	2026-03-05 14:48:53.796789+05:30	27
89	media/variant-images/blazer1.1.3_svn1pi		f	2026-03-05 14:48:54.419402+05:30	27
90	media/variant-images/default-avatar_avdh1f		f	2026-03-05 14:48:55.029723+05:30	27
\.


--
-- Data for Name: products_size; Type: TABLE DATA; Schema: public; Owner: postgres
--

COPY public.products_size (id, name) FROM stdin;
1	S
2	M
3	L
4	XL
\.


--
-- Data for Name: socialaccount_socialaccount; Type: TABLE DATA; Schema: public; Owner: postgres
--

COPY public.socialaccount_socialaccount (id, provider, uid, last_login, date_joined, extra_data, user_id) FROM stdin;
\.


--
-- Data for Name: socialaccount_socialapp; Type: TABLE DATA; Schema: public; Owner: postgres
--

COPY public.socialaccount_socialapp (id, provider, name, client_id, secret, key, provider_id, settings) FROM stdin;
\.


--
-- Data for Name: socialaccount_socialapp_sites; Type: TABLE DATA; Schema: public; Owner: postgres
--

COPY public.socialaccount_socialapp_sites (id, socialapp_id, site_id) FROM stdin;
\.


--
-- Data for Name: socialaccount_socialtoken; Type: TABLE DATA; Schema: public; Owner: postgres
--

COPY public.socialaccount_socialtoken (id, token, token_secret, expires_at, account_id, app_id) FROM stdin;
\.


--
-- Data for Name: user_section_contact; Type: TABLE DATA; Schema: public; Owner: postgres
--

COPY public.user_section_contact (id, name, email, inquiry_type, message, created_at, is_resolved) FROM stdin;
\.


--
-- Data for Name: user_section_useraddress; Type: TABLE DATA; Schema: public; Owner: postgres
--

COPY public.user_section_useraddress (id, address_line_1, address_line_2, city, state, pincode, address_type, country, is_default, user_id) FROM stdin;
1	Madathil Valappil	\N	Palakkad	Kerala	676552	home	India	t	4
2	Madathil Valappil	\N	Palakkad	Kerala	676552	home	India	t	6
3	Madathil Valappil	\N	Palakkad	Kerala	676552	home	India	t	3
4	Madathil Valappil	\N	Palakkad	Kerala	676552	home	India	t	8
\.


--
-- Data for Name: user_section_wishlist; Type: TABLE DATA; Schema: public; Owner: postgres
--

COPY public.user_section_wishlist (id, created_at, user_id) FROM stdin;
1	2026-03-05 14:24:25.1676+05:30	3
2	2026-03-05 14:40:33.088828+05:30	8
\.


--
-- Data for Name: user_section_wishlistitem; Type: TABLE DATA; Schema: public; Owner: postgres
--

COPY public.user_section_wishlistitem (id, added_at, updated_at, variant_id, wishlist_id) FROM stdin;
1	2026-03-05 14:24:25.171772+05:30	2026-03-05 14:24:25.171787+05:30	20	1
2	2026-03-05 14:24:31.66703+05:30	2026-03-05 14:24:31.667048+05:30	17	1
\.


--
-- Data for Name: wallet_wallet; Type: TABLE DATA; Schema: public; Owner: postgres
--

COPY public.wallet_wallet (id, balance, created_at, updated_at, user_id) FROM stdin;
2	0.00	2026-03-05 11:01:51.580113+05:30	2026-03-05 11:01:51.580147+05:30	5
1	300.00	2026-03-05 11:01:44.120615+05:30	2026-03-05 11:01:44.120643+05:30	2
3	100.00	2026-03-05 11:06:29.603575+05:30	2026-03-05 11:06:29.60361+05:30	6
4	983.95	2026-03-05 13:01:36.927762+05:30	2026-03-05 13:01:36.92777+05:30	3
5	1123.95	2026-03-05 14:43:12.121433+05:30	2026-03-05 14:43:12.121461+05:30	8
\.


--
-- Data for Name: wallet_wallettransaction; Type: TABLE DATA; Schema: public; Owner: postgres
--

COPY public.wallet_wallettransaction (id, transaction_type, amount, description, created_at, wallet_id) FROM stdin;
5	REFUND	983.95	Refund for returned/cancelled items (Order: ORD-724C160B11)	2026-03-05 13:01:36.928975+05:30	4
6	REFUND	180.00	Refund for cancelled items in Order ORD-28A89D085A	2026-03-05 14:43:12.125588+05:30	5
7	REFUND	943.95	Refund for returned/cancelled items (Order: ORD-D6770EE5BF)	2026-03-05 14:46:14.62102+05:30	5
\.


--
-- Name: account_emailaddress_id_seq; Type: SEQUENCE SET; Schema: public; Owner: postgres
--

SELECT pg_catalog.setval('public.account_emailaddress_id_seq', 1, false);


--
-- Name: account_emailconfirmation_id_seq; Type: SEQUENCE SET; Schema: public; Owner: postgres
--

SELECT pg_catalog.setval('public.account_emailconfirmation_id_seq', 1, false);


--
-- Name: accounts_customuser_groups_id_seq; Type: SEQUENCE SET; Schema: public; Owner: postgres
--

SELECT pg_catalog.setval('public.accounts_customuser_groups_id_seq', 1, false);


--
-- Name: accounts_customuser_id_seq; Type: SEQUENCE SET; Schema: public; Owner: postgres
--

SELECT pg_catalog.setval('public.accounts_customuser_id_seq', 8, true);


--
-- Name: accounts_customuser_user_permissions_id_seq; Type: SEQUENCE SET; Schema: public; Owner: postgres
--

SELECT pg_catalog.setval('public.accounts_customuser_user_permissions_id_seq', 1, false);


--
-- Name: auth_group_id_seq; Type: SEQUENCE SET; Schema: public; Owner: postgres
--

SELECT pg_catalog.setval('public.auth_group_id_seq', 1, false);


--
-- Name: auth_group_permissions_id_seq; Type: SEQUENCE SET; Schema: public; Owner: postgres
--

SELECT pg_catalog.setval('public.auth_group_permissions_id_seq', 1, false);


--
-- Name: auth_permission_id_seq; Type: SEQUENCE SET; Schema: public; Owner: postgres
--

SELECT pg_catalog.setval('public.auth_permission_id_seq', 140, true);


--
-- Name: brandsandcategories_brand_id_seq; Type: SEQUENCE SET; Schema: public; Owner: postgres
--

SELECT pg_catalog.setval('public.brandsandcategories_brand_id_seq', 4, true);


--
-- Name: brandsandcategories_category_id_seq; Type: SEQUENCE SET; Schema: public; Owner: postgres
--

SELECT pg_catalog.setval('public.brandsandcategories_category_id_seq', 9, true);


--
-- Name: cart_cart_id_seq; Type: SEQUENCE SET; Schema: public; Owner: postgres
--

SELECT pg_catalog.setval('public.cart_cart_id_seq', 6, true);


--
-- Name: cart_cartitem_id_seq; Type: SEQUENCE SET; Schema: public; Owner: postgres
--

SELECT pg_catalog.setval('public.cart_cartitem_id_seq', 9, true);


--
-- Name: django_admin_log_id_seq; Type: SEQUENCE SET; Schema: public; Owner: postgres
--

SELECT pg_catalog.setval('public.django_admin_log_id_seq', 15, true);


--
-- Name: django_content_type_id_seq; Type: SEQUENCE SET; Schema: public; Owner: postgres
--

SELECT pg_catalog.setval('public.django_content_type_id_seq', 35, true);


--
-- Name: django_migrations_id_seq; Type: SEQUENCE SET; Schema: public; Owner: postgres
--

SELECT pg_catalog.setval('public.django_migrations_id_seq', 67, true);


--
-- Name: django_site_id_seq; Type: SEQUENCE SET; Schema: public; Owner: postgres
--

SELECT pg_catalog.setval('public.django_site_id_seq', 1, true);


--
-- Name: offer_coupon_id_seq; Type: SEQUENCE SET; Schema: public; Owner: postgres
--

SELECT pg_catalog.setval('public.offer_coupon_id_seq', 3, true);


--
-- Name: offer_couponusage_id_seq; Type: SEQUENCE SET; Schema: public; Owner: postgres
--

SELECT pg_catalog.setval('public.offer_couponusage_id_seq', 3, true);


--
-- Name: offer_offer_category_id_seq; Type: SEQUENCE SET; Schema: public; Owner: postgres
--

SELECT pg_catalog.setval('public.offer_offer_category_id_seq', 1, true);


--
-- Name: offer_offer_id_seq; Type: SEQUENCE SET; Schema: public; Owner: postgres
--

SELECT pg_catalog.setval('public.offer_offer_id_seq', 1, true);


--
-- Name: offer_offer_product_id_seq; Type: SEQUENCE SET; Schema: public; Owner: postgres
--

SELECT pg_catalog.setval('public.offer_offer_product_id_seq', 1, false);


--
-- Name: offer_referral_id_seq; Type: SEQUENCE SET; Schema: public; Owner: postgres
--

SELECT pg_catalog.setval('public.offer_referral_id_seq', 5, true);


--
-- Name: offer_referralreward_id_seq; Type: SEQUENCE SET; Schema: public; Owner: postgres
--

SELECT pg_catalog.setval('public.offer_referralreward_id_seq', 2, true);


--
-- Name: offer_referralusage_id_seq; Type: SEQUENCE SET; Schema: public; Owner: postgres
--

SELECT pg_catalog.setval('public.offer_referralusage_id_seq', 2, true);


--
-- Name: orders_order_id_seq; Type: SEQUENCE SET; Schema: public; Owner: postgres
--

SELECT pg_catalog.setval('public.orders_order_id_seq', 6, true);


--
-- Name: orders_orderitem_id_seq; Type: SEQUENCE SET; Schema: public; Owner: postgres
--

SELECT pg_catalog.setval('public.orders_orderitem_id_seq', 8, true);


--
-- Name: products_color_id_seq; Type: SEQUENCE SET; Schema: public; Owner: postgres
--

SELECT pg_catalog.setval('public.products_color_id_seq', 11, true);


--
-- Name: products_product_id_seq; Type: SEQUENCE SET; Schema: public; Owner: postgres
--

SELECT pg_catalog.setval('public.products_product_id_seq', 7, true);


--
-- Name: products_productvariant_id_seq; Type: SEQUENCE SET; Schema: public; Owner: postgres
--

SELECT pg_catalog.setval('public.products_productvariant_id_seq', 27, true);


--
-- Name: products_productvariantimage_id_seq; Type: SEQUENCE SET; Schema: public; Owner: postgres
--

SELECT pg_catalog.setval('public.products_productvariantimage_id_seq', 90, true);


--
-- Name: products_size_id_seq; Type: SEQUENCE SET; Schema: public; Owner: postgres
--

SELECT pg_catalog.setval('public.products_size_id_seq', 4, true);


--
-- Name: socialaccount_socialaccount_id_seq; Type: SEQUENCE SET; Schema: public; Owner: postgres
--

SELECT pg_catalog.setval('public.socialaccount_socialaccount_id_seq', 1, false);


--
-- Name: socialaccount_socialapp_id_seq; Type: SEQUENCE SET; Schema: public; Owner: postgres
--

SELECT pg_catalog.setval('public.socialaccount_socialapp_id_seq', 1, false);


--
-- Name: socialaccount_socialapp_sites_id_seq; Type: SEQUENCE SET; Schema: public; Owner: postgres
--

SELECT pg_catalog.setval('public.socialaccount_socialapp_sites_id_seq', 1, false);


--
-- Name: socialaccount_socialtoken_id_seq; Type: SEQUENCE SET; Schema: public; Owner: postgres
--

SELECT pg_catalog.setval('public.socialaccount_socialtoken_id_seq', 1, false);


--
-- Name: user_section_contact_id_seq; Type: SEQUENCE SET; Schema: public; Owner: postgres
--

SELECT pg_catalog.setval('public.user_section_contact_id_seq', 1, false);


--
-- Name: user_section_useraddress_id_seq; Type: SEQUENCE SET; Schema: public; Owner: postgres
--

SELECT pg_catalog.setval('public.user_section_useraddress_id_seq', 4, true);


--
-- Name: user_section_wishlist_id_seq; Type: SEQUENCE SET; Schema: public; Owner: postgres
--

SELECT pg_catalog.setval('public.user_section_wishlist_id_seq', 2, true);


--
-- Name: user_section_wishlistitem_id_seq; Type: SEQUENCE SET; Schema: public; Owner: postgres
--

SELECT pg_catalog.setval('public.user_section_wishlistitem_id_seq', 3, true);


--
-- Name: wallet_wallet_id_seq; Type: SEQUENCE SET; Schema: public; Owner: postgres
--

SELECT pg_catalog.setval('public.wallet_wallet_id_seq', 5, true);


--
-- Name: wallet_wallettransaction_id_seq; Type: SEQUENCE SET; Schema: public; Owner: postgres
--

SELECT pg_catalog.setval('public.wallet_wallettransaction_id_seq', 7, true);


--
-- Name: account_emailaddress account_emailaddress_pkey; Type: CONSTRAINT; Schema: public; Owner: postgres
--

ALTER TABLE ONLY public.account_emailaddress
    ADD CONSTRAINT account_emailaddress_pkey PRIMARY KEY (id);


--
-- Name: account_emailaddress account_emailaddress_user_id_email_987c8728_uniq; Type: CONSTRAINT; Schema: public; Owner: postgres
--

ALTER TABLE ONLY public.account_emailaddress
    ADD CONSTRAINT account_emailaddress_user_id_email_987c8728_uniq UNIQUE (user_id, email);


--
-- Name: account_emailconfirmation account_emailconfirmation_key_key; Type: CONSTRAINT; Schema: public; Owner: postgres
--

ALTER TABLE ONLY public.account_emailconfirmation
    ADD CONSTRAINT account_emailconfirmation_key_key UNIQUE (key);


--
-- Name: account_emailconfirmation account_emailconfirmation_pkey; Type: CONSTRAINT; Schema: public; Owner: postgres
--

ALTER TABLE ONLY public.account_emailconfirmation
    ADD CONSTRAINT account_emailconfirmation_pkey PRIMARY KEY (id);


--
-- Name: accounts_customuser accounts_customuser_email_key; Type: CONSTRAINT; Schema: public; Owner: postgres
--

ALTER TABLE ONLY public.accounts_customuser
    ADD CONSTRAINT accounts_customuser_email_key UNIQUE (email);


--
-- Name: accounts_customuser_groups accounts_customuser_groups_customuser_id_group_id_c074bdcb_uniq; Type: CONSTRAINT; Schema: public; Owner: postgres
--

ALTER TABLE ONLY public.accounts_customuser_groups
    ADD CONSTRAINT accounts_customuser_groups_customuser_id_group_id_c074bdcb_uniq UNIQUE (customuser_id, group_id);


--
-- Name: accounts_customuser_groups accounts_customuser_groups_pkey; Type: CONSTRAINT; Schema: public; Owner: postgres
--

ALTER TABLE ONLY public.accounts_customuser_groups
    ADD CONSTRAINT accounts_customuser_groups_pkey PRIMARY KEY (id);


--
-- Name: accounts_customuser accounts_customuser_pkey; Type: CONSTRAINT; Schema: public; Owner: postgres
--

ALTER TABLE ONLY public.accounts_customuser
    ADD CONSTRAINT accounts_customuser_pkey PRIMARY KEY (id);


--
-- Name: accounts_customuser_user_permissions accounts_customuser_user_customuser_id_permission_9632a709_uniq; Type: CONSTRAINT; Schema: public; Owner: postgres
--

ALTER TABLE ONLY public.accounts_customuser_user_permissions
    ADD CONSTRAINT accounts_customuser_user_customuser_id_permission_9632a709_uniq UNIQUE (customuser_id, permission_id);


--
-- Name: accounts_customuser_user_permissions accounts_customuser_user_permissions_pkey; Type: CONSTRAINT; Schema: public; Owner: postgres
--

ALTER TABLE ONLY public.accounts_customuser_user_permissions
    ADD CONSTRAINT accounts_customuser_user_permissions_pkey PRIMARY KEY (id);


--
-- Name: auth_group auth_group_name_key; Type: CONSTRAINT; Schema: public; Owner: postgres
--

ALTER TABLE ONLY public.auth_group
    ADD CONSTRAINT auth_group_name_key UNIQUE (name);


--
-- Name: auth_group_permissions auth_group_permissions_group_id_permission_id_0cd325b0_uniq; Type: CONSTRAINT; Schema: public; Owner: postgres
--

ALTER TABLE ONLY public.auth_group_permissions
    ADD CONSTRAINT auth_group_permissions_group_id_permission_id_0cd325b0_uniq UNIQUE (group_id, permission_id);


--
-- Name: auth_group_permissions auth_group_permissions_pkey; Type: CONSTRAINT; Schema: public; Owner: postgres
--

ALTER TABLE ONLY public.auth_group_permissions
    ADD CONSTRAINT auth_group_permissions_pkey PRIMARY KEY (id);


--
-- Name: auth_group auth_group_pkey; Type: CONSTRAINT; Schema: public; Owner: postgres
--

ALTER TABLE ONLY public.auth_group
    ADD CONSTRAINT auth_group_pkey PRIMARY KEY (id);


--
-- Name: auth_permission auth_permission_content_type_id_codename_01ab375a_uniq; Type: CONSTRAINT; Schema: public; Owner: postgres
--

ALTER TABLE ONLY public.auth_permission
    ADD CONSTRAINT auth_permission_content_type_id_codename_01ab375a_uniq UNIQUE (content_type_id, codename);


--
-- Name: auth_permission auth_permission_pkey; Type: CONSTRAINT; Schema: public; Owner: postgres
--

ALTER TABLE ONLY public.auth_permission
    ADD CONSTRAINT auth_permission_pkey PRIMARY KEY (id);


--
-- Name: brandsandcategories_brand brandsandcategories_brand_name_key; Type: CONSTRAINT; Schema: public; Owner: postgres
--

ALTER TABLE ONLY public.brandsandcategories_brand
    ADD CONSTRAINT brandsandcategories_brand_name_key UNIQUE (name);


--
-- Name: brandsandcategories_brand brandsandcategories_brand_pkey; Type: CONSTRAINT; Schema: public; Owner: postgres
--

ALTER TABLE ONLY public.brandsandcategories_brand
    ADD CONSTRAINT brandsandcategories_brand_pkey PRIMARY KEY (id);


--
-- Name: brandsandcategories_category brandsandcategories_category_name_key; Type: CONSTRAINT; Schema: public; Owner: postgres
--

ALTER TABLE ONLY public.brandsandcategories_category
    ADD CONSTRAINT brandsandcategories_category_name_key UNIQUE (name);


--
-- Name: brandsandcategories_category brandsandcategories_category_pkey; Type: CONSTRAINT; Schema: public; Owner: postgres
--

ALTER TABLE ONLY public.brandsandcategories_category
    ADD CONSTRAINT brandsandcategories_category_pkey PRIMARY KEY (id);


--
-- Name: cart_cart cart_cart_pkey; Type: CONSTRAINT; Schema: public; Owner: postgres
--

ALTER TABLE ONLY public.cart_cart
    ADD CONSTRAINT cart_cart_pkey PRIMARY KEY (id);


--
-- Name: cart_cartitem cart_cartitem_cart_id_variant_id_7d797a64_uniq; Type: CONSTRAINT; Schema: public; Owner: postgres
--

ALTER TABLE ONLY public.cart_cartitem
    ADD CONSTRAINT cart_cartitem_cart_id_variant_id_7d797a64_uniq UNIQUE (cart_id, variant_id);


--
-- Name: cart_cartitem cart_cartitem_pkey; Type: CONSTRAINT; Schema: public; Owner: postgres
--

ALTER TABLE ONLY public.cart_cartitem
    ADD CONSTRAINT cart_cartitem_pkey PRIMARY KEY (id);


--
-- Name: django_admin_log django_admin_log_pkey; Type: CONSTRAINT; Schema: public; Owner: postgres
--

ALTER TABLE ONLY public.django_admin_log
    ADD CONSTRAINT django_admin_log_pkey PRIMARY KEY (id);


--
-- Name: django_content_type django_content_type_app_label_model_76bd3d3b_uniq; Type: CONSTRAINT; Schema: public; Owner: postgres
--

ALTER TABLE ONLY public.django_content_type
    ADD CONSTRAINT django_content_type_app_label_model_76bd3d3b_uniq UNIQUE (app_label, model);


--
-- Name: django_content_type django_content_type_pkey; Type: CONSTRAINT; Schema: public; Owner: postgres
--

ALTER TABLE ONLY public.django_content_type
    ADD CONSTRAINT django_content_type_pkey PRIMARY KEY (id);


--
-- Name: django_migrations django_migrations_pkey; Type: CONSTRAINT; Schema: public; Owner: postgres
--

ALTER TABLE ONLY public.django_migrations
    ADD CONSTRAINT django_migrations_pkey PRIMARY KEY (id);


--
-- Name: django_session django_session_pkey; Type: CONSTRAINT; Schema: public; Owner: postgres
--

ALTER TABLE ONLY public.django_session
    ADD CONSTRAINT django_session_pkey PRIMARY KEY (session_key);


--
-- Name: django_site django_site_domain_a2e37b91_uniq; Type: CONSTRAINT; Schema: public; Owner: postgres
--

ALTER TABLE ONLY public.django_site
    ADD CONSTRAINT django_site_domain_a2e37b91_uniq UNIQUE (domain);


--
-- Name: django_site django_site_pkey; Type: CONSTRAINT; Schema: public; Owner: postgres
--

ALTER TABLE ONLY public.django_site
    ADD CONSTRAINT django_site_pkey PRIMARY KEY (id);


--
-- Name: offer_coupon offer_coupon_code_key; Type: CONSTRAINT; Schema: public; Owner: postgres
--

ALTER TABLE ONLY public.offer_coupon
    ADD CONSTRAINT offer_coupon_code_key UNIQUE (code);


--
-- Name: offer_coupon offer_coupon_pkey; Type: CONSTRAINT; Schema: public; Owner: postgres
--

ALTER TABLE ONLY public.offer_coupon
    ADD CONSTRAINT offer_coupon_pkey PRIMARY KEY (id);


--
-- Name: offer_couponusage offer_couponusage_pkey; Type: CONSTRAINT; Schema: public; Owner: postgres
--

ALTER TABLE ONLY public.offer_couponusage
    ADD CONSTRAINT offer_couponusage_pkey PRIMARY KEY (id);


--
-- Name: offer_offer_category offer_offer_category_offer_id_category_id_827d4ffa_uniq; Type: CONSTRAINT; Schema: public; Owner: postgres
--

ALTER TABLE ONLY public.offer_offer_category
    ADD CONSTRAINT offer_offer_category_offer_id_category_id_827d4ffa_uniq UNIQUE (offer_id, category_id);


--
-- Name: offer_offer_category offer_offer_category_pkey; Type: CONSTRAINT; Schema: public; Owner: postgres
--

ALTER TABLE ONLY public.offer_offer_category
    ADD CONSTRAINT offer_offer_category_pkey PRIMARY KEY (id);


--
-- Name: offer_offer offer_offer_pkey; Type: CONSTRAINT; Schema: public; Owner: postgres
--

ALTER TABLE ONLY public.offer_offer
    ADD CONSTRAINT offer_offer_pkey PRIMARY KEY (id);


--
-- Name: offer_offer_product offer_offer_product_offer_id_product_id_4f74d13c_uniq; Type: CONSTRAINT; Schema: public; Owner: postgres
--

ALTER TABLE ONLY public.offer_offer_product
    ADD CONSTRAINT offer_offer_product_offer_id_product_id_4f74d13c_uniq UNIQUE (offer_id, product_id);


--
-- Name: offer_offer_product offer_offer_product_pkey; Type: CONSTRAINT; Schema: public; Owner: postgres
--

ALTER TABLE ONLY public.offer_offer_product
    ADD CONSTRAINT offer_offer_product_pkey PRIMARY KEY (id);


--
-- Name: offer_referral offer_referral_pkey; Type: CONSTRAINT; Schema: public; Owner: postgres
--

ALTER TABLE ONLY public.offer_referral
    ADD CONSTRAINT offer_referral_pkey PRIMARY KEY (id);


--
-- Name: offer_referral offer_referral_referral_code_key; Type: CONSTRAINT; Schema: public; Owner: postgres
--

ALTER TABLE ONLY public.offer_referral
    ADD CONSTRAINT offer_referral_referral_code_key UNIQUE (referral_code);


--
-- Name: offer_referral offer_referral_user_id_key; Type: CONSTRAINT; Schema: public; Owner: postgres
--

ALTER TABLE ONLY public.offer_referral
    ADD CONSTRAINT offer_referral_user_id_key UNIQUE (user_id);


--
-- Name: offer_referralreward offer_referralreward_pkey; Type: CONSTRAINT; Schema: public; Owner: postgres
--

ALTER TABLE ONLY public.offer_referralreward
    ADD CONSTRAINT offer_referralreward_pkey PRIMARY KEY (id);


--
-- Name: offer_referralusage offer_referralusage_pkey; Type: CONSTRAINT; Schema: public; Owner: postgres
--

ALTER TABLE ONLY public.offer_referralusage
    ADD CONSTRAINT offer_referralusage_pkey PRIMARY KEY (id);


--
-- Name: offer_referralusage offer_referralusage_receiver_id_key; Type: CONSTRAINT; Schema: public; Owner: postgres
--

ALTER TABLE ONLY public.offer_referralusage
    ADD CONSTRAINT offer_referralusage_receiver_id_key UNIQUE (receiver_id);


--
-- Name: orders_order orders_order_orderid_key; Type: CONSTRAINT; Schema: public; Owner: postgres
--

ALTER TABLE ONLY public.orders_order
    ADD CONSTRAINT orders_order_orderid_key UNIQUE (orderid);


--
-- Name: orders_order orders_order_pkey; Type: CONSTRAINT; Schema: public; Owner: postgres
--

ALTER TABLE ONLY public.orders_order
    ADD CONSTRAINT orders_order_pkey PRIMARY KEY (id);


--
-- Name: orders_orderitem orders_orderitem_pkey; Type: CONSTRAINT; Schema: public; Owner: postgres
--

ALTER TABLE ONLY public.orders_orderitem
    ADD CONSTRAINT orders_orderitem_pkey PRIMARY KEY (id);


--
-- Name: products_color products_color_name_key; Type: CONSTRAINT; Schema: public; Owner: postgres
--

ALTER TABLE ONLY public.products_color
    ADD CONSTRAINT products_color_name_key UNIQUE (name);


--
-- Name: products_color products_color_pkey; Type: CONSTRAINT; Schema: public; Owner: postgres
--

ALTER TABLE ONLY public.products_color
    ADD CONSTRAINT products_color_pkey PRIMARY KEY (id);


--
-- Name: products_product products_product_pkey; Type: CONSTRAINT; Schema: public; Owner: postgres
--

ALTER TABLE ONLY public.products_product
    ADD CONSTRAINT products_product_pkey PRIMARY KEY (id);


--
-- Name: products_product products_product_slug_key; Type: CONSTRAINT; Schema: public; Owner: postgres
--

ALTER TABLE ONLY public.products_product
    ADD CONSTRAINT products_product_slug_key UNIQUE (slug);


--
-- Name: products_productvariant products_productvariant_pkey; Type: CONSTRAINT; Schema: public; Owner: postgres
--

ALTER TABLE ONLY public.products_productvariant
    ADD CONSTRAINT products_productvariant_pkey PRIMARY KEY (id);


--
-- Name: products_productvariant products_productvariant_sku_key; Type: CONSTRAINT; Schema: public; Owner: postgres
--

ALTER TABLE ONLY public.products_productvariant
    ADD CONSTRAINT products_productvariant_sku_key UNIQUE (sku);


--
-- Name: products_productvariantimage products_productvariantimage_pkey; Type: CONSTRAINT; Schema: public; Owner: postgres
--

ALTER TABLE ONLY public.products_productvariantimage
    ADD CONSTRAINT products_productvariantimage_pkey PRIMARY KEY (id);


--
-- Name: products_size products_size_name_key; Type: CONSTRAINT; Schema: public; Owner: postgres
--

ALTER TABLE ONLY public.products_size
    ADD CONSTRAINT products_size_name_key UNIQUE (name);


--
-- Name: products_size products_size_pkey; Type: CONSTRAINT; Schema: public; Owner: postgres
--

ALTER TABLE ONLY public.products_size
    ADD CONSTRAINT products_size_pkey PRIMARY KEY (id);


--
-- Name: socialaccount_socialaccount socialaccount_socialaccount_pkey; Type: CONSTRAINT; Schema: public; Owner: postgres
--

ALTER TABLE ONLY public.socialaccount_socialaccount
    ADD CONSTRAINT socialaccount_socialaccount_pkey PRIMARY KEY (id);


--
-- Name: socialaccount_socialaccount socialaccount_socialaccount_provider_uid_fc810c6e_uniq; Type: CONSTRAINT; Schema: public; Owner: postgres
--

ALTER TABLE ONLY public.socialaccount_socialaccount
    ADD CONSTRAINT socialaccount_socialaccount_provider_uid_fc810c6e_uniq UNIQUE (provider, uid);


--
-- Name: socialaccount_socialapp_sites socialaccount_socialapp__socialapp_id_site_id_71a9a768_uniq; Type: CONSTRAINT; Schema: public; Owner: postgres
--

ALTER TABLE ONLY public.socialaccount_socialapp_sites
    ADD CONSTRAINT socialaccount_socialapp__socialapp_id_site_id_71a9a768_uniq UNIQUE (socialapp_id, site_id);


--
-- Name: socialaccount_socialapp socialaccount_socialapp_pkey; Type: CONSTRAINT; Schema: public; Owner: postgres
--

ALTER TABLE ONLY public.socialaccount_socialapp
    ADD CONSTRAINT socialaccount_socialapp_pkey PRIMARY KEY (id);


--
-- Name: socialaccount_socialapp_sites socialaccount_socialapp_sites_pkey; Type: CONSTRAINT; Schema: public; Owner: postgres
--

ALTER TABLE ONLY public.socialaccount_socialapp_sites
    ADD CONSTRAINT socialaccount_socialapp_sites_pkey PRIMARY KEY (id);


--
-- Name: socialaccount_socialtoken socialaccount_socialtoken_app_id_account_id_fca4e0ac_uniq; Type: CONSTRAINT; Schema: public; Owner: postgres
--

ALTER TABLE ONLY public.socialaccount_socialtoken
    ADD CONSTRAINT socialaccount_socialtoken_app_id_account_id_fca4e0ac_uniq UNIQUE (app_id, account_id);


--
-- Name: socialaccount_socialtoken socialaccount_socialtoken_pkey; Type: CONSTRAINT; Schema: public; Owner: postgres
--

ALTER TABLE ONLY public.socialaccount_socialtoken
    ADD CONSTRAINT socialaccount_socialtoken_pkey PRIMARY KEY (id);


--
-- Name: offer_couponusage unique_user_coupon; Type: CONSTRAINT; Schema: public; Owner: postgres
--

ALTER TABLE ONLY public.offer_couponusage
    ADD CONSTRAINT unique_user_coupon UNIQUE (user_id, coupon_id);


--
-- Name: products_productvariant unique_variant_combination; Type: CONSTRAINT; Schema: public; Owner: postgres
--

ALTER TABLE ONLY public.products_productvariant
    ADD CONSTRAINT unique_variant_combination UNIQUE (product_id, size_id, color_id);


--
-- Name: user_section_wishlistitem unique_wishlist_variant; Type: CONSTRAINT; Schema: public; Owner: postgres
--

ALTER TABLE ONLY public.user_section_wishlistitem
    ADD CONSTRAINT unique_wishlist_variant UNIQUE (wishlist_id, variant_id);


--
-- Name: user_section_contact user_section_contact_pkey; Type: CONSTRAINT; Schema: public; Owner: postgres
--

ALTER TABLE ONLY public.user_section_contact
    ADD CONSTRAINT user_section_contact_pkey PRIMARY KEY (id);


--
-- Name: user_section_useraddress user_section_useraddress_pkey; Type: CONSTRAINT; Schema: public; Owner: postgres
--

ALTER TABLE ONLY public.user_section_useraddress
    ADD CONSTRAINT user_section_useraddress_pkey PRIMARY KEY (id);


--
-- Name: user_section_wishlist user_section_wishlist_pkey; Type: CONSTRAINT; Schema: public; Owner: postgres
--

ALTER TABLE ONLY public.user_section_wishlist
    ADD CONSTRAINT user_section_wishlist_pkey PRIMARY KEY (id);


--
-- Name: user_section_wishlistitem user_section_wishlistitem_pkey; Type: CONSTRAINT; Schema: public; Owner: postgres
--

ALTER TABLE ONLY public.user_section_wishlistitem
    ADD CONSTRAINT user_section_wishlistitem_pkey PRIMARY KEY (id);


--
-- Name: wallet_wallet wallet_wallet_pkey; Type: CONSTRAINT; Schema: public; Owner: postgres
--

ALTER TABLE ONLY public.wallet_wallet
    ADD CONSTRAINT wallet_wallet_pkey PRIMARY KEY (id);


--
-- Name: wallet_wallet wallet_wallet_user_id_key; Type: CONSTRAINT; Schema: public; Owner: postgres
--

ALTER TABLE ONLY public.wallet_wallet
    ADD CONSTRAINT wallet_wallet_user_id_key UNIQUE (user_id);


--
-- Name: wallet_wallettransaction wallet_wallettransaction_pkey; Type: CONSTRAINT; Schema: public; Owner: postgres
--

ALTER TABLE ONLY public.wallet_wallettransaction
    ADD CONSTRAINT wallet_wallettransaction_pkey PRIMARY KEY (id);


--
-- Name: account_emailaddress_email_03be32b2; Type: INDEX; Schema: public; Owner: postgres
--

CREATE INDEX account_emailaddress_email_03be32b2 ON public.account_emailaddress USING btree (email);


--
-- Name: account_emailaddress_email_03be32b2_like; Type: INDEX; Schema: public; Owner: postgres
--

CREATE INDEX account_emailaddress_email_03be32b2_like ON public.account_emailaddress USING btree (email varchar_pattern_ops);


--
-- Name: account_emailaddress_user_id_2c513194; Type: INDEX; Schema: public; Owner: postgres
--

CREATE INDEX account_emailaddress_user_id_2c513194 ON public.account_emailaddress USING btree (user_id);


--
-- Name: account_emailconfirmation_email_address_id_5b7f8c58; Type: INDEX; Schema: public; Owner: postgres
--

CREATE INDEX account_emailconfirmation_email_address_id_5b7f8c58 ON public.account_emailconfirmation USING btree (email_address_id);


--
-- Name: account_emailconfirmation_key_f43612bd_like; Type: INDEX; Schema: public; Owner: postgres
--

CREATE INDEX account_emailconfirmation_key_f43612bd_like ON public.account_emailconfirmation USING btree (key varchar_pattern_ops);


--
-- Name: accounts_customuser_email_4fd8e7ce_like; Type: INDEX; Schema: public; Owner: postgres
--

CREATE INDEX accounts_customuser_email_4fd8e7ce_like ON public.accounts_customuser USING btree (email varchar_pattern_ops);


--
-- Name: accounts_customuser_groups_customuser_id_bc55088e; Type: INDEX; Schema: public; Owner: postgres
--

CREATE INDEX accounts_customuser_groups_customuser_id_bc55088e ON public.accounts_customuser_groups USING btree (customuser_id);


--
-- Name: accounts_customuser_groups_group_id_86ba5f9e; Type: INDEX; Schema: public; Owner: postgres
--

CREATE INDEX accounts_customuser_groups_group_id_86ba5f9e ON public.accounts_customuser_groups USING btree (group_id);


--
-- Name: accounts_customuser_user_permissions_customuser_id_0deaefae; Type: INDEX; Schema: public; Owner: postgres
--

CREATE INDEX accounts_customuser_user_permissions_customuser_id_0deaefae ON public.accounts_customuser_user_permissions USING btree (customuser_id);


--
-- Name: accounts_customuser_user_permissions_permission_id_aea3d0e5; Type: INDEX; Schema: public; Owner: postgres
--

CREATE INDEX accounts_customuser_user_permissions_permission_id_aea3d0e5 ON public.accounts_customuser_user_permissions USING btree (permission_id);


--
-- Name: auth_group_name_a6ea08ec_like; Type: INDEX; Schema: public; Owner: postgres
--

CREATE INDEX auth_group_name_a6ea08ec_like ON public.auth_group USING btree (name varchar_pattern_ops);


--
-- Name: auth_group_permissions_group_id_b120cbf9; Type: INDEX; Schema: public; Owner: postgres
--

CREATE INDEX auth_group_permissions_group_id_b120cbf9 ON public.auth_group_permissions USING btree (group_id);


--
-- Name: auth_group_permissions_permission_id_84c5c92e; Type: INDEX; Schema: public; Owner: postgres
--

CREATE INDEX auth_group_permissions_permission_id_84c5c92e ON public.auth_group_permissions USING btree (permission_id);


--
-- Name: auth_permission_content_type_id_2f476e4b; Type: INDEX; Schema: public; Owner: postgres
--

CREATE INDEX auth_permission_content_type_id_2f476e4b ON public.auth_permission USING btree (content_type_id);


--
-- Name: brandsandca_is_acti_444ef8_idx; Type: INDEX; Schema: public; Owner: postgres
--

CREATE INDEX brandsandca_is_acti_444ef8_idx ON public.brandsandcategories_category USING btree (is_active);


--
-- Name: brandsandcategories_brand_name_8df54a6d_like; Type: INDEX; Schema: public; Owner: postgres
--

CREATE INDEX brandsandcategories_brand_name_8df54a6d_like ON public.brandsandcategories_brand USING btree (name varchar_pattern_ops);


--
-- Name: brandsandcategories_category_name_cd63bbfd_like; Type: INDEX; Schema: public; Owner: postgres
--

CREATE INDEX brandsandcategories_category_name_cd63bbfd_like ON public.brandsandcategories_category USING btree (name varchar_pattern_ops);


--
-- Name: cart_cart_user_id_9b4220b9; Type: INDEX; Schema: public; Owner: postgres
--

CREATE INDEX cart_cart_user_id_9b4220b9 ON public.cart_cart USING btree (user_id);


--
-- Name: cart_cartitem_cart_id_370ad265; Type: INDEX; Schema: public; Owner: postgres
--

CREATE INDEX cart_cartitem_cart_id_370ad265 ON public.cart_cartitem USING btree (cart_id);


--
-- Name: cart_cartitem_variant_id_69f5d8c8; Type: INDEX; Schema: public; Owner: postgres
--

CREATE INDEX cart_cartitem_variant_id_69f5d8c8 ON public.cart_cartitem USING btree (variant_id);


--
-- Name: django_admin_log_content_type_id_c4bce8eb; Type: INDEX; Schema: public; Owner: postgres
--

CREATE INDEX django_admin_log_content_type_id_c4bce8eb ON public.django_admin_log USING btree (content_type_id);


--
-- Name: django_admin_log_user_id_c564eba6; Type: INDEX; Schema: public; Owner: postgres
--

CREATE INDEX django_admin_log_user_id_c564eba6 ON public.django_admin_log USING btree (user_id);


--
-- Name: django_session_expire_date_a5c62663; Type: INDEX; Schema: public; Owner: postgres
--

CREATE INDEX django_session_expire_date_a5c62663 ON public.django_session USING btree (expire_date);


--
-- Name: django_session_session_key_c0390e0f_like; Type: INDEX; Schema: public; Owner: postgres
--

CREATE INDEX django_session_session_key_c0390e0f_like ON public.django_session USING btree (session_key varchar_pattern_ops);


--
-- Name: django_site_domain_a2e37b91_like; Type: INDEX; Schema: public; Owner: postgres
--

CREATE INDEX django_site_domain_a2e37b91_like ON public.django_site USING btree (domain varchar_pattern_ops);


--
-- Name: offer_coupon_code_d55a5eb1_like; Type: INDEX; Schema: public; Owner: postgres
--

CREATE INDEX offer_coupon_code_d55a5eb1_like ON public.offer_coupon USING btree (code varchar_pattern_ops);


--
-- Name: offer_couponusage_coupon_id_1a39077d; Type: INDEX; Schema: public; Owner: postgres
--

CREATE INDEX offer_couponusage_coupon_id_1a39077d ON public.offer_couponusage USING btree (coupon_id);


--
-- Name: offer_couponusage_user_id_be3cdd44; Type: INDEX; Schema: public; Owner: postgres
--

CREATE INDEX offer_couponusage_user_id_be3cdd44 ON public.offer_couponusage USING btree (user_id);


--
-- Name: offer_offer_category_category_id_88cb7dcf; Type: INDEX; Schema: public; Owner: postgres
--

CREATE INDEX offer_offer_category_category_id_88cb7dcf ON public.offer_offer_category USING btree (category_id);


--
-- Name: offer_offer_category_offer_id_c75d0123; Type: INDEX; Schema: public; Owner: postgres
--

CREATE INDEX offer_offer_category_offer_id_c75d0123 ON public.offer_offer_category USING btree (offer_id);


--
-- Name: offer_offer_product_offer_id_6b06e3f2; Type: INDEX; Schema: public; Owner: postgres
--

CREATE INDEX offer_offer_product_offer_id_6b06e3f2 ON public.offer_offer_product USING btree (offer_id);


--
-- Name: offer_offer_product_product_id_d8e3b8f4; Type: INDEX; Schema: public; Owner: postgres
--

CREATE INDEX offer_offer_product_product_id_d8e3b8f4 ON public.offer_offer_product USING btree (product_id);


--
-- Name: offer_referral_referral_code_e8fb91ec_like; Type: INDEX; Schema: public; Owner: postgres
--

CREATE INDEX offer_referral_referral_code_e8fb91ec_like ON public.offer_referral USING btree (referral_code varchar_pattern_ops);


--
-- Name: offer_referralusage_referrer_id_def087ed; Type: INDEX; Schema: public; Owner: postgres
--

CREATE INDEX offer_referralusage_referrer_id_def087ed ON public.offer_referralusage USING btree (referrer_id);


--
-- Name: orders_order_address_id_0daf897b; Type: INDEX; Schema: public; Owner: postgres
--

CREATE INDEX orders_order_address_id_0daf897b ON public.orders_order USING btree (address_id);


--
-- Name: orders_order_billing_address_id_deb02e83; Type: INDEX; Schema: public; Owner: postgres
--

CREATE INDEX orders_order_billing_address_id_deb02e83 ON public.orders_order USING btree (billing_address_id);


--
-- Name: orders_order_coupon_id_5bddb887; Type: INDEX; Schema: public; Owner: postgres
--

CREATE INDEX orders_order_coupon_id_5bddb887 ON public.orders_order USING btree (coupon_id);


--
-- Name: orders_order_orderid_eab61447_like; Type: INDEX; Schema: public; Owner: postgres
--

CREATE INDEX orders_order_orderid_eab61447_like ON public.orders_order USING btree (orderid varchar_pattern_ops);


--
-- Name: orders_order_user_id_e9b59eb1; Type: INDEX; Schema: public; Owner: postgres
--

CREATE INDEX orders_order_user_id_e9b59eb1 ON public.orders_order USING btree (user_id);


--
-- Name: orders_orderitem_order_id_fe61a34d; Type: INDEX; Schema: public; Owner: postgres
--

CREATE INDEX orders_orderitem_order_id_fe61a34d ON public.orders_orderitem USING btree (order_id);


--
-- Name: orders_orderitem_variant_id_5d350ded; Type: INDEX; Schema: public; Owner: postgres
--

CREATE INDEX orders_orderitem_variant_id_5d350ded ON public.orders_orderitem USING btree (variant_id);


--
-- Name: products_color_name_de566232_like; Type: INDEX; Schema: public; Owner: postgres
--

CREATE INDEX products_color_name_de566232_like ON public.products_color USING btree (name varchar_pattern_ops);


--
-- Name: products_pr_categor_50f5f1_idx; Type: INDEX; Schema: public; Owner: postgres
--

CREATE INDEX products_pr_categor_50f5f1_idx ON public.products_product USING btree (category_id, is_active);


--
-- Name: products_pr_created_bce1a7_idx; Type: INDEX; Schema: public; Owner: postgres
--

CREATE INDEX products_pr_created_bce1a7_idx ON public.products_product USING btree (created_at DESC);


--
-- Name: products_pr_is_feat_a5d7cd_idx; Type: INDEX; Schema: public; Owner: postgres
--

CREATE INDEX products_pr_is_feat_a5d7cd_idx ON public.products_product USING btree (is_featured);


--
-- Name: products_pr_is_most_4946c4_idx; Type: INDEX; Schema: public; Owner: postgres
--

CREATE INDEX products_pr_is_most_4946c4_idx ON public.products_product USING btree (is_most_demanded);


--
-- Name: products_pr_product_66459e_idx; Type: INDEX; Schema: public; Owner: postgres
--

CREATE INDEX products_pr_product_66459e_idx ON public.products_productvariant USING btree (product_id, is_active);


--
-- Name: products_pr_sku_dcab68_idx; Type: INDEX; Schema: public; Owner: postgres
--

CREATE INDEX products_pr_sku_dcab68_idx ON public.products_productvariant USING btree (sku);


--
-- Name: products_pr_slug_3edc0c_idx; Type: INDEX; Schema: public; Owner: postgres
--

CREATE INDEX products_pr_slug_3edc0c_idx ON public.products_product USING btree (slug);


--
-- Name: products_product_brand_id_3e2e8fd1; Type: INDEX; Schema: public; Owner: postgres
--

CREATE INDEX products_product_brand_id_3e2e8fd1 ON public.products_product USING btree (brand_id);


--
-- Name: products_product_category_id_9b594869; Type: INDEX; Schema: public; Owner: postgres
--

CREATE INDEX products_product_category_id_9b594869 ON public.products_product USING btree (category_id);


--
-- Name: products_product_slug_70d3148d_like; Type: INDEX; Schema: public; Owner: postgres
--

CREATE INDEX products_product_slug_70d3148d_like ON public.products_product USING btree (slug varchar_pattern_ops);


--
-- Name: products_productvariant_color_id_c213fea2; Type: INDEX; Schema: public; Owner: postgres
--

CREATE INDEX products_productvariant_color_id_c213fea2 ON public.products_productvariant USING btree (color_id);


--
-- Name: products_productvariant_product_id_d9c22902; Type: INDEX; Schema: public; Owner: postgres
--

CREATE INDEX products_productvariant_product_id_d9c22902 ON public.products_productvariant USING btree (product_id);


--
-- Name: products_productvariant_size_id_b307fc69; Type: INDEX; Schema: public; Owner: postgres
--

CREATE INDEX products_productvariant_size_id_b307fc69 ON public.products_productvariant USING btree (size_id);


--
-- Name: products_productvariant_sku_1b692018_like; Type: INDEX; Schema: public; Owner: postgres
--

CREATE INDEX products_productvariant_sku_1b692018_like ON public.products_productvariant USING btree (sku varchar_pattern_ops);


--
-- Name: products_productvariantimage_variant_id_c61406a6; Type: INDEX; Schema: public; Owner: postgres
--

CREATE INDEX products_productvariantimage_variant_id_c61406a6 ON public.products_productvariantimage USING btree (variant_id);


--
-- Name: products_size_name_804ce9e8_like; Type: INDEX; Schema: public; Owner: postgres
--

CREATE INDEX products_size_name_804ce9e8_like ON public.products_size USING btree (name varchar_pattern_ops);


--
-- Name: socialaccount_socialaccount_user_id_8146e70c; Type: INDEX; Schema: public; Owner: postgres
--

CREATE INDEX socialaccount_socialaccount_user_id_8146e70c ON public.socialaccount_socialaccount USING btree (user_id);


--
-- Name: socialaccount_socialapp_sites_site_id_2579dee5; Type: INDEX; Schema: public; Owner: postgres
--

CREATE INDEX socialaccount_socialapp_sites_site_id_2579dee5 ON public.socialaccount_socialapp_sites USING btree (site_id);


--
-- Name: socialaccount_socialapp_sites_socialapp_id_97fb6e7d; Type: INDEX; Schema: public; Owner: postgres
--

CREATE INDEX socialaccount_socialapp_sites_socialapp_id_97fb6e7d ON public.socialaccount_socialapp_sites USING btree (socialapp_id);


--
-- Name: socialaccount_socialtoken_account_id_951f210e; Type: INDEX; Schema: public; Owner: postgres
--

CREATE INDEX socialaccount_socialtoken_account_id_951f210e ON public.socialaccount_socialtoken USING btree (account_id);


--
-- Name: socialaccount_socialtoken_app_id_636a42d7; Type: INDEX; Schema: public; Owner: postgres
--

CREATE INDEX socialaccount_socialtoken_app_id_636a42d7 ON public.socialaccount_socialtoken USING btree (app_id);


--
-- Name: unique_active_cart_per_user; Type: INDEX; Schema: public; Owner: postgres
--

CREATE UNIQUE INDEX unique_active_cart_per_user ON public.cart_cart USING btree (user_id) WHERE is_active;


--
-- Name: unique_primary_email; Type: INDEX; Schema: public; Owner: postgres
--

CREATE UNIQUE INDEX unique_primary_email ON public.account_emailaddress USING btree (user_id, "primary") WHERE "primary";


--
-- Name: unique_verified_email; Type: INDEX; Schema: public; Owner: postgres
--

CREATE UNIQUE INDEX unique_verified_email ON public.account_emailaddress USING btree (email) WHERE verified;


--
-- Name: user_section_useraddress_user_id_000287a0; Type: INDEX; Schema: public; Owner: postgres
--

CREATE INDEX user_section_useraddress_user_id_000287a0 ON public.user_section_useraddress USING btree (user_id);


--
-- Name: user_section_wishlist_user_id_e2f0c29d; Type: INDEX; Schema: public; Owner: postgres
--

CREATE INDEX user_section_wishlist_user_id_e2f0c29d ON public.user_section_wishlist USING btree (user_id);


--
-- Name: user_section_wishlistitem_variant_id_2af14eeb; Type: INDEX; Schema: public; Owner: postgres
--

CREATE INDEX user_section_wishlistitem_variant_id_2af14eeb ON public.user_section_wishlistitem USING btree (variant_id);


--
-- Name: user_section_wishlistitem_wishlist_id_ba3ec8f8; Type: INDEX; Schema: public; Owner: postgres
--

CREATE INDEX user_section_wishlistitem_wishlist_id_ba3ec8f8 ON public.user_section_wishlistitem USING btree (wishlist_id);


--
-- Name: wallet_wallettransaction_created_at_aef04a31; Type: INDEX; Schema: public; Owner: postgres
--

CREATE INDEX wallet_wallettransaction_created_at_aef04a31 ON public.wallet_wallettransaction USING btree (created_at);


--
-- Name: wallet_wallettransaction_wallet_id_b438357c; Type: INDEX; Schema: public; Owner: postgres
--

CREATE INDEX wallet_wallettransaction_wallet_id_b438357c ON public.wallet_wallettransaction USING btree (wallet_id);


--
-- Name: account_emailaddress account_emailaddress_user_id_2c513194_fk_accounts_customuser_id; Type: FK CONSTRAINT; Schema: public; Owner: postgres
--

ALTER TABLE ONLY public.account_emailaddress
    ADD CONSTRAINT account_emailaddress_user_id_2c513194_fk_accounts_customuser_id FOREIGN KEY (user_id) REFERENCES public.accounts_customuser(id) DEFERRABLE INITIALLY DEFERRED;


--
-- Name: account_emailconfirmation account_emailconfirm_email_address_id_5b7f8c58_fk_account_e; Type: FK CONSTRAINT; Schema: public; Owner: postgres
--

ALTER TABLE ONLY public.account_emailconfirmation
    ADD CONSTRAINT account_emailconfirm_email_address_id_5b7f8c58_fk_account_e FOREIGN KEY (email_address_id) REFERENCES public.account_emailaddress(id) DEFERRABLE INITIALLY DEFERRED;


--
-- Name: accounts_customuser_user_permissions accounts_customuser__customuser_id_0deaefae_fk_accounts_; Type: FK CONSTRAINT; Schema: public; Owner: postgres
--

ALTER TABLE ONLY public.accounts_customuser_user_permissions
    ADD CONSTRAINT accounts_customuser__customuser_id_0deaefae_fk_accounts_ FOREIGN KEY (customuser_id) REFERENCES public.accounts_customuser(id) DEFERRABLE INITIALLY DEFERRED;


--
-- Name: accounts_customuser_groups accounts_customuser__customuser_id_bc55088e_fk_accounts_; Type: FK CONSTRAINT; Schema: public; Owner: postgres
--

ALTER TABLE ONLY public.accounts_customuser_groups
    ADD CONSTRAINT accounts_customuser__customuser_id_bc55088e_fk_accounts_ FOREIGN KEY (customuser_id) REFERENCES public.accounts_customuser(id) DEFERRABLE INITIALLY DEFERRED;


--
-- Name: accounts_customuser_user_permissions accounts_customuser__permission_id_aea3d0e5_fk_auth_perm; Type: FK CONSTRAINT; Schema: public; Owner: postgres
--

ALTER TABLE ONLY public.accounts_customuser_user_permissions
    ADD CONSTRAINT accounts_customuser__permission_id_aea3d0e5_fk_auth_perm FOREIGN KEY (permission_id) REFERENCES public.auth_permission(id) DEFERRABLE INITIALLY DEFERRED;


--
-- Name: accounts_customuser_groups accounts_customuser_groups_group_id_86ba5f9e_fk_auth_group_id; Type: FK CONSTRAINT; Schema: public; Owner: postgres
--

ALTER TABLE ONLY public.accounts_customuser_groups
    ADD CONSTRAINT accounts_customuser_groups_group_id_86ba5f9e_fk_auth_group_id FOREIGN KEY (group_id) REFERENCES public.auth_group(id) DEFERRABLE INITIALLY DEFERRED;


--
-- Name: auth_group_permissions auth_group_permissio_permission_id_84c5c92e_fk_auth_perm; Type: FK CONSTRAINT; Schema: public; Owner: postgres
--

ALTER TABLE ONLY public.auth_group_permissions
    ADD CONSTRAINT auth_group_permissio_permission_id_84c5c92e_fk_auth_perm FOREIGN KEY (permission_id) REFERENCES public.auth_permission(id) DEFERRABLE INITIALLY DEFERRED;


--
-- Name: auth_group_permissions auth_group_permissions_group_id_b120cbf9_fk_auth_group_id; Type: FK CONSTRAINT; Schema: public; Owner: postgres
--

ALTER TABLE ONLY public.auth_group_permissions
    ADD CONSTRAINT auth_group_permissions_group_id_b120cbf9_fk_auth_group_id FOREIGN KEY (group_id) REFERENCES public.auth_group(id) DEFERRABLE INITIALLY DEFERRED;


--
-- Name: auth_permission auth_permission_content_type_id_2f476e4b_fk_django_co; Type: FK CONSTRAINT; Schema: public; Owner: postgres
--

ALTER TABLE ONLY public.auth_permission
    ADD CONSTRAINT auth_permission_content_type_id_2f476e4b_fk_django_co FOREIGN KEY (content_type_id) REFERENCES public.django_content_type(id) DEFERRABLE INITIALLY DEFERRED;


--
-- Name: cart_cart cart_cart_user_id_9b4220b9_fk_accounts_customuser_id; Type: FK CONSTRAINT; Schema: public; Owner: postgres
--

ALTER TABLE ONLY public.cart_cart
    ADD CONSTRAINT cart_cart_user_id_9b4220b9_fk_accounts_customuser_id FOREIGN KEY (user_id) REFERENCES public.accounts_customuser(id) DEFERRABLE INITIALLY DEFERRED;


--
-- Name: cart_cartitem cart_cartitem_cart_id_370ad265_fk_cart_cart_id; Type: FK CONSTRAINT; Schema: public; Owner: postgres
--

ALTER TABLE ONLY public.cart_cartitem
    ADD CONSTRAINT cart_cartitem_cart_id_370ad265_fk_cart_cart_id FOREIGN KEY (cart_id) REFERENCES public.cart_cart(id) DEFERRABLE INITIALLY DEFERRED;


--
-- Name: cart_cartitem cart_cartitem_variant_id_69f5d8c8_fk_products_productvariant_id; Type: FK CONSTRAINT; Schema: public; Owner: postgres
--

ALTER TABLE ONLY public.cart_cartitem
    ADD CONSTRAINT cart_cartitem_variant_id_69f5d8c8_fk_products_productvariant_id FOREIGN KEY (variant_id) REFERENCES public.products_productvariant(id) DEFERRABLE INITIALLY DEFERRED;


--
-- Name: django_admin_log django_admin_log_content_type_id_c4bce8eb_fk_django_co; Type: FK CONSTRAINT; Schema: public; Owner: postgres
--

ALTER TABLE ONLY public.django_admin_log
    ADD CONSTRAINT django_admin_log_content_type_id_c4bce8eb_fk_django_co FOREIGN KEY (content_type_id) REFERENCES public.django_content_type(id) DEFERRABLE INITIALLY DEFERRED;


--
-- Name: django_admin_log django_admin_log_user_id_c564eba6_fk_accounts_customuser_id; Type: FK CONSTRAINT; Schema: public; Owner: postgres
--

ALTER TABLE ONLY public.django_admin_log
    ADD CONSTRAINT django_admin_log_user_id_c564eba6_fk_accounts_customuser_id FOREIGN KEY (user_id) REFERENCES public.accounts_customuser(id) DEFERRABLE INITIALLY DEFERRED;


--
-- Name: offer_couponusage offer_couponusage_coupon_id_1a39077d_fk_offer_coupon_id; Type: FK CONSTRAINT; Schema: public; Owner: postgres
--

ALTER TABLE ONLY public.offer_couponusage
    ADD CONSTRAINT offer_couponusage_coupon_id_1a39077d_fk_offer_coupon_id FOREIGN KEY (coupon_id) REFERENCES public.offer_coupon(id) DEFERRABLE INITIALLY DEFERRED;


--
-- Name: offer_couponusage offer_couponusage_user_id_be3cdd44_fk_accounts_customuser_id; Type: FK CONSTRAINT; Schema: public; Owner: postgres
--

ALTER TABLE ONLY public.offer_couponusage
    ADD CONSTRAINT offer_couponusage_user_id_be3cdd44_fk_accounts_customuser_id FOREIGN KEY (user_id) REFERENCES public.accounts_customuser(id) DEFERRABLE INITIALLY DEFERRED;


--
-- Name: offer_offer_category offer_offer_category_category_id_88cb7dcf_fk_brandsand; Type: FK CONSTRAINT; Schema: public; Owner: postgres
--

ALTER TABLE ONLY public.offer_offer_category
    ADD CONSTRAINT offer_offer_category_category_id_88cb7dcf_fk_brandsand FOREIGN KEY (category_id) REFERENCES public.brandsandcategories_category(id) DEFERRABLE INITIALLY DEFERRED;


--
-- Name: offer_offer_category offer_offer_category_offer_id_c75d0123_fk_offer_offer_id; Type: FK CONSTRAINT; Schema: public; Owner: postgres
--

ALTER TABLE ONLY public.offer_offer_category
    ADD CONSTRAINT offer_offer_category_offer_id_c75d0123_fk_offer_offer_id FOREIGN KEY (offer_id) REFERENCES public.offer_offer(id) DEFERRABLE INITIALLY DEFERRED;


--
-- Name: offer_offer_product offer_offer_product_offer_id_6b06e3f2_fk_offer_offer_id; Type: FK CONSTRAINT; Schema: public; Owner: postgres
--

ALTER TABLE ONLY public.offer_offer_product
    ADD CONSTRAINT offer_offer_product_offer_id_6b06e3f2_fk_offer_offer_id FOREIGN KEY (offer_id) REFERENCES public.offer_offer(id) DEFERRABLE INITIALLY DEFERRED;


--
-- Name: offer_offer_product offer_offer_product_product_id_d8e3b8f4_fk_products_product_id; Type: FK CONSTRAINT; Schema: public; Owner: postgres
--

ALTER TABLE ONLY public.offer_offer_product
    ADD CONSTRAINT offer_offer_product_product_id_d8e3b8f4_fk_products_product_id FOREIGN KEY (product_id) REFERENCES public.products_product(id) DEFERRABLE INITIALLY DEFERRED;


--
-- Name: offer_referral offer_referral_user_id_33a79c5f_fk_accounts_customuser_id; Type: FK CONSTRAINT; Schema: public; Owner: postgres
--

ALTER TABLE ONLY public.offer_referral
    ADD CONSTRAINT offer_referral_user_id_33a79c5f_fk_accounts_customuser_id FOREIGN KEY (user_id) REFERENCES public.accounts_customuser(id) DEFERRABLE INITIALLY DEFERRED;


--
-- Name: offer_referralusage offer_referralusage_receiver_id_59776c29_fk_accounts_; Type: FK CONSTRAINT; Schema: public; Owner: postgres
--

ALTER TABLE ONLY public.offer_referralusage
    ADD CONSTRAINT offer_referralusage_receiver_id_59776c29_fk_accounts_ FOREIGN KEY (receiver_id) REFERENCES public.accounts_customuser(id) DEFERRABLE INITIALLY DEFERRED;


--
-- Name: offer_referralusage offer_referralusage_referrer_id_def087ed_fk_accounts_; Type: FK CONSTRAINT; Schema: public; Owner: postgres
--

ALTER TABLE ONLY public.offer_referralusage
    ADD CONSTRAINT offer_referralusage_referrer_id_def087ed_fk_accounts_ FOREIGN KEY (referrer_id) REFERENCES public.accounts_customuser(id) DEFERRABLE INITIALLY DEFERRED;


--
-- Name: orders_order orders_order_address_id_0daf897b_fk_user_section_useraddress_id; Type: FK CONSTRAINT; Schema: public; Owner: postgres
--

ALTER TABLE ONLY public.orders_order
    ADD CONSTRAINT orders_order_address_id_0daf897b_fk_user_section_useraddress_id FOREIGN KEY (address_id) REFERENCES public.user_section_useraddress(id) DEFERRABLE INITIALLY DEFERRED;


--
-- Name: orders_order orders_order_billing_address_id_deb02e83_fk_user_sect; Type: FK CONSTRAINT; Schema: public; Owner: postgres
--

ALTER TABLE ONLY public.orders_order
    ADD CONSTRAINT orders_order_billing_address_id_deb02e83_fk_user_sect FOREIGN KEY (billing_address_id) REFERENCES public.user_section_useraddress(id) DEFERRABLE INITIALLY DEFERRED;


--
-- Name: orders_order orders_order_coupon_id_5bddb887_fk_offer_coupon_id; Type: FK CONSTRAINT; Schema: public; Owner: postgres
--

ALTER TABLE ONLY public.orders_order
    ADD CONSTRAINT orders_order_coupon_id_5bddb887_fk_offer_coupon_id FOREIGN KEY (coupon_id) REFERENCES public.offer_coupon(id) DEFERRABLE INITIALLY DEFERRED;


--
-- Name: orders_order orders_order_user_id_e9b59eb1_fk_accounts_customuser_id; Type: FK CONSTRAINT; Schema: public; Owner: postgres
--

ALTER TABLE ONLY public.orders_order
    ADD CONSTRAINT orders_order_user_id_e9b59eb1_fk_accounts_customuser_id FOREIGN KEY (user_id) REFERENCES public.accounts_customuser(id) DEFERRABLE INITIALLY DEFERRED;


--
-- Name: orders_orderitem orders_orderitem_order_id_fe61a34d_fk_orders_order_id; Type: FK CONSTRAINT; Schema: public; Owner: postgres
--

ALTER TABLE ONLY public.orders_orderitem
    ADD CONSTRAINT orders_orderitem_order_id_fe61a34d_fk_orders_order_id FOREIGN KEY (order_id) REFERENCES public.orders_order(id) DEFERRABLE INITIALLY DEFERRED;


--
-- Name: orders_orderitem orders_orderitem_variant_id_5d350ded_fk_products_; Type: FK CONSTRAINT; Schema: public; Owner: postgres
--

ALTER TABLE ONLY public.orders_orderitem
    ADD CONSTRAINT orders_orderitem_variant_id_5d350ded_fk_products_ FOREIGN KEY (variant_id) REFERENCES public.products_productvariant(id) DEFERRABLE INITIALLY DEFERRED;


--
-- Name: products_product products_product_brand_id_3e2e8fd1_fk_brandsand; Type: FK CONSTRAINT; Schema: public; Owner: postgres
--

ALTER TABLE ONLY public.products_product
    ADD CONSTRAINT products_product_brand_id_3e2e8fd1_fk_brandsand FOREIGN KEY (brand_id) REFERENCES public.brandsandcategories_brand(id) DEFERRABLE INITIALLY DEFERRED;


--
-- Name: products_product products_product_category_id_9b594869_fk_brandsand; Type: FK CONSTRAINT; Schema: public; Owner: postgres
--

ALTER TABLE ONLY public.products_product
    ADD CONSTRAINT products_product_category_id_9b594869_fk_brandsand FOREIGN KEY (category_id) REFERENCES public.brandsandcategories_category(id) DEFERRABLE INITIALLY DEFERRED;


--
-- Name: products_productvariant products_productvari_product_id_d9c22902_fk_products_; Type: FK CONSTRAINT; Schema: public; Owner: postgres
--

ALTER TABLE ONLY public.products_productvariant
    ADD CONSTRAINT products_productvari_product_id_d9c22902_fk_products_ FOREIGN KEY (product_id) REFERENCES public.products_product(id) DEFERRABLE INITIALLY DEFERRED;


--
-- Name: products_productvariantimage products_productvari_variant_id_c61406a6_fk_products_; Type: FK CONSTRAINT; Schema: public; Owner: postgres
--

ALTER TABLE ONLY public.products_productvariantimage
    ADD CONSTRAINT products_productvari_variant_id_c61406a6_fk_products_ FOREIGN KEY (variant_id) REFERENCES public.products_productvariant(id) DEFERRABLE INITIALLY DEFERRED;


--
-- Name: products_productvariant products_productvariant_color_id_c213fea2_fk_products_color_id; Type: FK CONSTRAINT; Schema: public; Owner: postgres
--

ALTER TABLE ONLY public.products_productvariant
    ADD CONSTRAINT products_productvariant_color_id_c213fea2_fk_products_color_id FOREIGN KEY (color_id) REFERENCES public.products_color(id) DEFERRABLE INITIALLY DEFERRED;


--
-- Name: products_productvariant products_productvariant_size_id_b307fc69_fk_products_size_id; Type: FK CONSTRAINT; Schema: public; Owner: postgres
--

ALTER TABLE ONLY public.products_productvariant
    ADD CONSTRAINT products_productvariant_size_id_b307fc69_fk_products_size_id FOREIGN KEY (size_id) REFERENCES public.products_size(id) DEFERRABLE INITIALLY DEFERRED;


--
-- Name: socialaccount_socialtoken socialaccount_social_account_id_951f210e_fk_socialacc; Type: FK CONSTRAINT; Schema: public; Owner: postgres
--

ALTER TABLE ONLY public.socialaccount_socialtoken
    ADD CONSTRAINT socialaccount_social_account_id_951f210e_fk_socialacc FOREIGN KEY (account_id) REFERENCES public.socialaccount_socialaccount(id) DEFERRABLE INITIALLY DEFERRED;


--
-- Name: socialaccount_socialtoken socialaccount_social_app_id_636a42d7_fk_socialacc; Type: FK CONSTRAINT; Schema: public; Owner: postgres
--

ALTER TABLE ONLY public.socialaccount_socialtoken
    ADD CONSTRAINT socialaccount_social_app_id_636a42d7_fk_socialacc FOREIGN KEY (app_id) REFERENCES public.socialaccount_socialapp(id) DEFERRABLE INITIALLY DEFERRED;


--
-- Name: socialaccount_socialapp_sites socialaccount_social_site_id_2579dee5_fk_django_si; Type: FK CONSTRAINT; Schema: public; Owner: postgres
--

ALTER TABLE ONLY public.socialaccount_socialapp_sites
    ADD CONSTRAINT socialaccount_social_site_id_2579dee5_fk_django_si FOREIGN KEY (site_id) REFERENCES public.django_site(id) DEFERRABLE INITIALLY DEFERRED;


--
-- Name: socialaccount_socialapp_sites socialaccount_social_socialapp_id_97fb6e7d_fk_socialacc; Type: FK CONSTRAINT; Schema: public; Owner: postgres
--

ALTER TABLE ONLY public.socialaccount_socialapp_sites
    ADD CONSTRAINT socialaccount_social_socialapp_id_97fb6e7d_fk_socialacc FOREIGN KEY (socialapp_id) REFERENCES public.socialaccount_socialapp(id) DEFERRABLE INITIALLY DEFERRED;


--
-- Name: socialaccount_socialaccount socialaccount_social_user_id_8146e70c_fk_accounts_; Type: FK CONSTRAINT; Schema: public; Owner: postgres
--

ALTER TABLE ONLY public.socialaccount_socialaccount
    ADD CONSTRAINT socialaccount_social_user_id_8146e70c_fk_accounts_ FOREIGN KEY (user_id) REFERENCES public.accounts_customuser(id) DEFERRABLE INITIALLY DEFERRED;


--
-- Name: user_section_useraddress user_section_useradd_user_id_000287a0_fk_accounts_; Type: FK CONSTRAINT; Schema: public; Owner: postgres
--

ALTER TABLE ONLY public.user_section_useraddress
    ADD CONSTRAINT user_section_useradd_user_id_000287a0_fk_accounts_ FOREIGN KEY (user_id) REFERENCES public.accounts_customuser(id) DEFERRABLE INITIALLY DEFERRED;


--
-- Name: user_section_wishlist user_section_wishlis_user_id_e2f0c29d_fk_accounts_; Type: FK CONSTRAINT; Schema: public; Owner: postgres
--

ALTER TABLE ONLY public.user_section_wishlist
    ADD CONSTRAINT user_section_wishlis_user_id_e2f0c29d_fk_accounts_ FOREIGN KEY (user_id) REFERENCES public.accounts_customuser(id) DEFERRABLE INITIALLY DEFERRED;


--
-- Name: user_section_wishlistitem user_section_wishlis_variant_id_2af14eeb_fk_products_; Type: FK CONSTRAINT; Schema: public; Owner: postgres
--

ALTER TABLE ONLY public.user_section_wishlistitem
    ADD CONSTRAINT user_section_wishlis_variant_id_2af14eeb_fk_products_ FOREIGN KEY (variant_id) REFERENCES public.products_productvariant(id) DEFERRABLE INITIALLY DEFERRED;


--
-- Name: user_section_wishlistitem user_section_wishlis_wishlist_id_ba3ec8f8_fk_user_sect; Type: FK CONSTRAINT; Schema: public; Owner: postgres
--

ALTER TABLE ONLY public.user_section_wishlistitem
    ADD CONSTRAINT user_section_wishlis_wishlist_id_ba3ec8f8_fk_user_sect FOREIGN KEY (wishlist_id) REFERENCES public.user_section_wishlist(id) DEFERRABLE INITIALLY DEFERRED;


--
-- Name: wallet_wallet wallet_wallet_user_id_8c75caaa_fk_accounts_customuser_id; Type: FK CONSTRAINT; Schema: public; Owner: postgres
--

ALTER TABLE ONLY public.wallet_wallet
    ADD CONSTRAINT wallet_wallet_user_id_8c75caaa_fk_accounts_customuser_id FOREIGN KEY (user_id) REFERENCES public.accounts_customuser(id) DEFERRABLE INITIALLY DEFERRED;


--
-- Name: wallet_wallettransaction wallet_wallettransaction_wallet_id_b438357c_fk_wallet_wallet_id; Type: FK CONSTRAINT; Schema: public; Owner: postgres
--

ALTER TABLE ONLY public.wallet_wallettransaction
    ADD CONSTRAINT wallet_wallettransaction_wallet_id_b438357c_fk_wallet_wallet_id FOREIGN KEY (wallet_id) REFERENCES public.wallet_wallet(id) DEFERRABLE INITIALLY DEFERRED;


--
-- PostgreSQL database dump complete
--

\unrestrict sAIKJW3rkzWK7ujf0T1fSJFqSrSX14yVwqNNe3rhZljGS2QRBbxpgfH9kjwDwhV

